"","Cluster","ID","Description","GeneRatio","BgRatio","pvalue","p.adjust","qvalue","geneID","Count"
"1","AcB2","GO:0015986","proton motive force-driven ATP synthesis","16/103","76/18614",1.89164314348244e-21,3.81355257726059e-18,3.39699284503267e-18,"514/517/10632/513/518/506/522/521/9551/515/498/509/516/10476/539/527",16
"8","AcB2","GO:1902600","proton transmembrane transport","16/103","143/18614",7.93924081614848e-17,2.00068868566942e-14,1.78215063583544e-14,"514/517/10632/513/518/506/522/521/9551/515/498/509/516/10476/539/527",16
"11","AcB2","GO:0046034","ATP metabolic process","18/103","219/18614",2.0986393306101e-16,3.84623353682724e-14,3.42610401724482e-14,"514/517/10632/513/518/93974/506/522/521/9551/515/498/509/516/10476/539/527/2597",18
"15","AcB2","GO:0006119","oxidative phosphorylation","14/103","148/18614",8.11242469843663e-14,1.09030987946988e-11,9.7121379196722e-12,"514/10632/513/506/522/521/9551/515/498/509/10476/539/387/1337",14
"28","AcB2","GO:0048525","negative regulation of viral process","8/103","90/18614",3.55678589611075e-08,2.56088584519974e-06,2.28115666870862e-06,"8519/3669/4061/10581/6772/9636/7538/5478",8
"30","AcB2","GO:0021762","substantia nigra development","5/103","44/18614",4.30410494573794e-06,0.000289235852353589,0.000257642211839611,"522/515/387/60/801",5
"31","AcB2","GO:0051607","defense response to virus","10/103","303/18614",6.98819363983182e-06,0.000453158236230595,0.000403659122289785,"8519/3669/58515/10964/2537/10581/6772/9636/3665/3437",10
"32","AcB2","GO:0140546","defense response to symbiont","10/103","304/18614",7.19298787667611e-06,0.000453158236230595,0.000403659122289785,"8519/3669/58515/10964/2537/10581/6772/9636/3665/3437",10
"36","AcB2","GO:0035456","response to interferon-beta","4/103","32/18614",2.82223175643798e-05,0.00157917357147314,0.00140667821268441,"8519/10581/6772/54739",4
"37","AcB2","GO:0002181","cytoplasmic translation","7/103","159/18614",2.89828482859655e-05,0.00157917357147314,0.00140667821268441,"10399/6229/6175/6130/2197/6158/200916",7
"39","AcB2","GO:1902624","positive regulation of neutrophil migration","4/103","34/18614",3.60891182444491e-05,0.00186552980463614,0.00166175535020324,"9750/58515/972/5880",4
"44","AcB2","GO:1903706","regulation of hemopoiesis","10/103","415/18614",0.000101434709682117,0.00464755397088971,0.00413989508893998,"972/567/6772/9636/3665/9308/387/3106/60/7538",10
"47","AcB2","GO:0034101","erythrocyte homeostasis","6/103","139/18614",0.000122856872657298,0.00526977564419389,0.00469415061037739,"6229/93974/567/6772/9636/7538",6
"52","AcB2","GO:0051882","mitochondrial depolarization","3/103","21/18614",0.000203543058586845,0.00774231709643547,0.00689661286890085,"10399/93974/2537",3
"53","AcB2","GO:1900118","negative regulation of execution phase of apoptosis","3/103","21/18614",0.000203543058586845,0.00774231709643547,0.00689661286890085,"100463486/100463498/100462977",3
"54","AcB2","GO:0140888","interferon-mediated signaling pathway","5/103","100/18614",0.0002335664821811,0.00860412636462847,0.00766428549397252,"8519/10581/6772/9636/3665",5
"58","AcB2","GO:0032479","regulation of type I interferon production","5/103","104/18614",0.000280363808751823,0.00957988878718093,0.00853346400946672,"6772/9636/3665/5966/2597",5
"59","AcB2","GO:0032606","type I interferon production","5/103","104/18614",0.000280363808751823,0.00957988878718093,0.00853346400946672,"6772/9636/3665/5966/2597",5
"65","AcB2","GO:2000272","negative regulation of signaling receptor activity","4/103","66/18614",0.000489724779516581,0.0151890023923912,0.01352988621628,"100463486/100463498/100462977/4061",4
"68","AcB2","GO:0070527","platelet aggregation","4/103","73/18614",0.00071802355888302,0.0209238082587896,0.0186382711411315,"60/1192/5478/71",4
"69","AcB2","GO:0019883","antigen processing and presentation of endogenous antigen","3/103","32/18614",0.000726269954618642,0.0209238082587896,0.0186382711411315,"972/567/3106",3
"74","AcB2","GO:0045862","positive regulation of proteolysis","8/103","365/18614",0.000953976026811296,0.0259894009466429,0.0231505419877677,"10399/29997/6923/93974/5721/6281/11337/387",8
"76","AcB2","GO:0050863","regulation of T cell activation","8/103","377/18614",0.00117343776444198,0.031126980698882,0.027726936650111,"9750/58515/972/567/5880/9308/387/60",8
"79","AcB2","GO:0051342","regulation of cyclic-nucleotide phosphodiesterase activity","2/103","10/18614",0.00132562297756417,0.033405699034617,0.0297567473647957,"10399/801",2
"80","AcB2","GO:0098885","modification of postsynaptic actin cytoskeleton","2/103","10/18614",0.00132562297756417,0.033405699034617,0.0297567473647957,"5216/387",2
"84","AcB2","GO:0010269","response to selenium ion","2/103","11/18614",0.00161436384533082,0.0382889119080816,0.0341065600016642,"6415/140606",2
"85","AcB2","GO:0098974","postsynaptic actin cytoskeleton organization","2/103","11/18614",0.00161436384533082,0.0382889119080816,0.0341065600016642,"60/71",2
"89","AcB2","GO:0051492","regulation of stress fiber assembly","4/103","94/18614",0.00184122110726401,0.0417067612611712,0.0371510728443808,"6281/5216/387/71",4
"93","DN","GO:0015986","proton motive force-driven ATP synthesis","16/119","76/18614",2.15842146571844e-20,4.52189297068012e-17,3.9783115647084e-17,"514/517/10632/513/518/9551/522/506/521/10476/515/516/509/498/539/527",16
"96","DN","GO:1902600","proton transmembrane transport","17/119","143/18614",3.58192206261701e-17,1.56051162952866e-14,1.37292092114292e-14,"514/517/10632/513/518/9551/522/506/521/10476/515/516/509/498/539/9377/527",17
"103","DN","GO:0046034","ATP metabolic process","18/119","219/18614",2.99368537875432e-15,5.70160988044572e-13,5.01621349109934e-13,"514/517/10632/513/518/93974/9551/522/506/521/10476/515/516/509/498/2597/539/527",18
"107","DN","GO:0006119","oxidative phosphorylation","14/119","148/18614",6.25665776016056e-13,8.73846533835759e-11,7.68800543020431e-11,"514/10632/513/9551/522/506/521/10476/515/509/498/539/387/9377",14
"120","DN","GO:0048525","negative regulation of viral process","9/119","90/18614",6.01036750286208e-09,4.49704282803431e-07,3.956448683275e-07,"10581/4061/9636/6772/6352/3669/4599/8519/684",9
"123","DN","GO:0019835","cytolysis","5/119","23/18614",3.01163448089177e-07,2.03528201208654e-05,1.79061866758625e-05,"3002/4818/3001/2999/5551",5
"125","DN","GO:0009615","response to virus","14/119","408/18614",3.46080904094767e-07,2.19708937599557e-05,1.93297500181798e-05,"10581/58515/2537/9636/6772/6352/10964/3669/4599/5551/8519/10561/7353/684",14
"129","DN","GO:0002687","positive regulation of leukocyte migration","8/119","147/18614",4.68020113838411e-06,0.000265000577970668,0.000233144585869433,"58515/3958/9750/6352/387/8784/4267/10563",8
"135","DN","GO:0045862","positive regulation of proteolysis","11/119","365/18614",2.25750122854699e-05,0.00109987559855952,0.000967658421342909,"10399/6923/29997/93974/6281/5720/302/64115/11337/387/5721",11
"137","DN","GO:0035456","response to interferon-beta","4/119","32/18614",4.97214373869033e-05,0.00231480914056806,0.00203654355238521,"10581/6772/8519/684",4
"144","DN","GO:0051099","positive regulation of binding","7/119","176/18614",0.000137985553246062,0.00555922565481731,0.00489094541971366,"10923/567/9750/6281/302/7295/801",7
"146","DN","GO:0021762","substantia nigra development","4/119","44/18614",0.000176922903112614,0.0068639533707579,0.00603883047466252,"522/515/387/801",4
"151","DN","GO:0031334","positive regulation of protein-containing complex assembly","7/119","195/18614",0.000259080374512525,0.0091995488915888,0.00809366165515488,"10399/3958/647087/9636/387/5216/10563",7
"154","DN","GO:0051882","mitochondrial depolarization","3/119","21/18614",0.000311511042097583,0.0103589783046736,0.00911371486571209,"10399/93974/2537",3
"155","DN","GO:1900118","negative regulation of execution phase of apoptosis","3/119","21/18614",0.000311511042097583,0.0103589783046736,0.00911371486571209,"100463486/100463498/100462977",3
"160","DN","GO:0098869","cellular oxidant detoxification","5/119","99/18614",0.000434856979495771,0.013014648172052,0.0114501439262721,"9403/51714/6415/55829/7295",5
"164","DN","GO:0031579","membrane raft organization","3/119","25/18614",0.000528753744006989,0.0153852651902034,0.0135357866338631,"6281/302/128240",3
"170","DN","GO:2000272","negative regulation of signaling receptor activity","4/119","66/18614",0.000843067348761887,0.022643924303284,0.0199218748675042,"100463486/4061/100463498/100462977",4
"173","DN","GO:0045785","positive regulation of cell adhesion","10/119","482/18614",0.00105970869032854,0.0274085148918308,0.0241137091197567,"58515/567/3956/6281/6352/64115/387/8784/2316/10563",10
"184","DN","GO:0016479","negative regulation of transcription by RNA polymerase I","2/119","10/18614",0.001763677737119,0.0393074985028116,0.0345823036696009,"29997/2316",2
"185","DN","GO:0051342","regulation of cyclic-nucleotide phosphodiesterase activity","2/119","10/18614",0.001763677737119,0.0393074985028116,0.0345823036696009,"10399/801",2
"186","DN","GO:0098885","modification of postsynaptic actin cytoskeleton","2/119","10/18614",0.001763677737119,0.0393074985028116,0.0345823036696009,"387/5216",2
"189","DN","GO:0045454","cell redox homeostasis","3/119","40/18614",0.00211837676804602,0.0449714284069676,0.0395653667331241,"51714/55829/7295",3
"190","DN","GO:0010269","response to selenium ion","2/119","11/18614",0.00214660756119177,0.0449714284069676,0.0395653667331241,"6415/140606",2
"191","DN","GO:0033632","regulation of cell-cell adhesion mediated by integrin","2/119","11/18614",0.00214660756119177,0.0449714284069676,0.0395653667331241,"6352/10563",2
"192","DN","GO:0097250","mitochondrial respirasome assembly","2/119","11/18614",0.00214660756119177,0.0449714284069676,0.0395653667331241,"647087/55969",2
"195","GCB","GO:0015986","proton motive force-driven ATP synthesis","15/50","76/18614",6.76515985662453e-25,7.92876735196395e-22,6.69394764760744e-22,"10632/514/517/518/521/522/9551/506/498/513/515/509/10476/516/539",15
"201","GCB","GO:1902600","proton transmembrane transport","15/50","143/18614",1.61643971135139e-20,2.70638191671976e-18,2.28489222356437e-18,"10632/514/517/518/521/522/9551/506/498/513/515/509/10476/516/539",15
"204","GCB","GO:0046034","ATP metabolic process","16/50","219/18614",2.68199247065411e-19,3.14329517560662e-17,2.65376097096302e-17,"10632/514/517/518/521/93974/522/9551/506/498/513/515/509/10476/516/539",16
"218","GCB","GO:0009060","aerobic respiration","13/50","196/18614",3.30511313305106e-15,1.6139969133066e-13,1.36263436187193e-13,"10632/514/521/522/9551/506/498/29997/513/515/509/10476/539",13
"222","GCB","GO:0019079","viral genome replication","4/50","129/18614",0.000396150543249193,0.0165817298817162,0.0139993049118136,"10581/8519/1654/5094",4
"223","GCB","GO:1903052","positive regulation of proteolysis involved in protein catabolic process","4/50","137/18614",0.000497443275848033,0.0201035696308239,0.0169726562358312,"10399/6923/93974/29997",4
"226","GCB","GO:0035455","response to interferon-alpha","2/50","18/18614",0.00105259144848703,0.0385511618008374,0.0325472355782173,"10581/8519",2
"227","GCB","GO:1900227","positive regulation of NLRP3 inflammasome complex assembly","2/50","20/18614",0.0013026618084714,0.0462642315008629,0.0390590781487436,"647087/1654",2
"228","GCB","GO:0051882","mitochondrial depolarization","2/50","21/18614",0.00143731649431189,0.0481295694666723,0.0406339099143812,"10399/93974",2
"229","GCB","GO:1900118","negative regulation of execution phase of apoptosis","2/50","21/18614",0.00143731649431189,0.0481295694666723,0.0406339099143812,"100463486/100462977",2
"230","IgM-only","GO:0015986","proton motive force-driven ATP synthesis","11/20","76/18614",4.02538272278061e-22,2.05697057134089e-19,1.46608676008641e-19,"514/517/10632/521/513/539/518/498/9551/506/522",11
"236","IgM-only","GO:1902600","proton transmembrane transport","11/20","143/18614",5.89062098383989e-19,3.84843189202602e-17,2.74293425613555e-17,"514/517/10632/521/513/539/518/498/9551/506/522",11
"237","IgM-only","GO:0046034","ATP metabolic process","12/20","219/18614",6.02494229671392e-19,3.84843189202602e-17,2.74293425613555e-17,"514/517/10632/521/513/539/93974/518/498/9551/506/522",12
"250","IgM-only","GO:0009060","aerobic respiration","10/20","196/18614",2.24286100531264e-15,5.45762844626077e-14,3.88987422475276e-14,"514/29997/10632/521/513/539/498/9551/506/522",10
"257","IgM-only","GO:1903052","positive regulation of proteolysis involved in protein catabolic process","4/20","137/18614",1.24162258236908e-05,0.000226596121282358,0.000161504290789362,"10399/29997/6923/93974",4
"261","IgM-only","GO:0051882","mitochondrial depolarization","2/20","21/18614",0.000227523809716202,0.00363327083640561,0.00258958020269099,"10399/93974",2
"263","IgM-only","GO:2000114","regulation of establishment of cell polarity","2/20","25/18614",0.000324197263570903,0.00487249416719799,0.00347282517633228,"10399/9750",2
"270","IgM-only","GO:0051898","negative regulation of protein kinase B signaling","2/20","59/18614",0.00180896461897215,0.0225458761047504,0.0160693647795729,"10399/29997",2
"272","IgM-only","GO:0043536","positive regulation of blood vessel endothelial cell migration","2/20","75/18614",0.00290384435761272,0.0337241924259113,0.0240366064051196,"498/506",2
"274","IgM-only","GO:0001937","negative regulation of endothelial cell proliferation","2/20","77/18614",0.00305792032905482,0.0347243841810447,0.024749483832818,"93974/498",2
"275","Memory","GO:0015986","proton motive force-driven ATP synthesis","15/117","76/18614",7.71708700518895e-19,1.58663308826685e-15,1.33952383911122e-15,"10632/517/514/513/521/506/518/9551/522/539/498/515/516/10476/509",15
"283","Memory","GO:0046034","ATP metabolic process","18/117","219/18614",2.19814954958629e-15,5.02155052661046e-13,4.23947205528397e-13,"10632/517/514/513/521/93974/506/518/9551/522/539/498/515/516/10476/509/2597/26137",18
"287","Memory","GO:1902600","proton transmembrane transport","15/117","143/18614",1.46864439391536e-14,2.32271759529998e-12,1.96096729195662e-12,"10632/517/514/513/521/506/518/9551/522/539/498/515/516/10476/509",15
"288","Memory","GO:0050792","regulation of viral process","15/117","165/18614",1.24477429235221e-13,1.82803996076868e-11,1.54333293841263e-11,"972/8519/6772/10581/4061/3669/6352/9636/3956/4261/103/1654/10346/4599/5610",15
"291","Memory","GO:0006119","oxidative phosphorylation","13/117","148/18614",9.07306332998655e-12,1.09039776968076e-09,9.2057440211119e-10,"10632/514/513/521/506/9551/522/539/498/515/10476/509/387",13
"292","Memory","GO:0009615","response to virus","19/117","408/18614",9.54628397580433e-12,1.09039776968076e-09,9.2057440211119e-10,"58515/8519/10964/6772/10581/3659/5094/3669/6352/9636/2537/3665/10379/103/1654/10346/4599/5610/1984",19
"315","Memory","GO:0007159","leukocyte cell-cell adhesion","15/117","415/18614",5.1662312607903e-08,2.59067596882557e-06,2.18719264417027e-06,"9750/567/972/58515/6279/6280/3118/60/3659/3113/57492/5880/6352/387/3956",15
"318","Memory","GO:0032481","positive regulation of type I interferon production","7/117","62/18614",1.19538131003545e-07,5.58569084871111e-06,4.71575067045086e-06,"6772/3659/2597/9636/3665/1654/26137",7
"319","Memory","GO:0045862","positive regulation of proteolysis","13/117","365/18614",5.04498001019018e-07,2.30499531132245e-05,1.94600515480786e-05,"10399/29997/6923/93974/6279/6280/1512/11337/5720/5721/387/6281/1654",13
"320","Memory","GO:0050863","regulation of T cell activation","13/117","377/18614",7.26431164676223e-07,3.2468314664659e-05,2.74115558478511e-05,"9750/567/972/58515/3118/60/3659/3113/57492/5880/6352/387/3956",13
"322","Memory","GO:1990266","neutrophil migration","8/117","128/18614",1.46105772014681e-06,6.25819723462885e-05,5.28351793974144e-05,"9750/972/58515/6279/6280/5880/6352/4267",8
"323","Memory","GO:0035456","response to interferon-beta","5/117","32/18614",1.58301307771462e-06,6.64219364853318e-05,5.60770905510506e-05,"8519/6772/10581/3659/54739",5
"325","Memory","GO:0140888","interferon-mediated signaling pathway","7/117","100/18614",3.1966765368679e-06,0.000128495011992241,0.000108482630951877,"8519/6772/10581/3659/9636/3665/103",7
"326","Memory","GO:0017014","protein nitrosylation","4/117","17/18614",3.31237141808792e-06,0.000128495011992241,0.000108482630951877,"6279/6280/2597/7295",4
"327","Memory","GO:0018119","peptidyl-cysteine S-nitrosylation","4/117","17/18614",3.31237141808792e-06,0.000128495011992241,0.000108482630951877,"6279/6280/2597/7295",4
"336","Memory","GO:0019882","antigen processing and presentation","7/117","114/18614",7.64366177906738e-06,0.000251757886853462,0.0002125480009325,"567/972/3118/1512/3113/5720/6890",7
"347","Memory","GO:0030218","erythrocyte differentiation","7/117","130/18614",1.80680758429033e-05,0.000508876218260399,0.000429621587093691,"93974/567/6772/9636/103/10320/677",7
"356","Memory","GO:0098869","cellular oxidant detoxification","6/117","99/18614",3.77439697937603e-05,0.000946360998731356,0.000798970554427609,"9403/51714/6415/6280/373156/7295",6
"383","Memory","GO:0021762","substantia nigra development","4/117","44/18614",0.000165747751132875,0.00312639794797422,0.00263947891470894,"522/515/60/387",4
"392","Memory","GO:0002544","chronic inflammatory response","3/117","20/18614",0.000255196078251538,0.00440910199063161,0.00372240896096228,"6279/6280/6352",3
"399","Memory","GO:0051882","mitochondrial depolarization","3/117","21/18614",0.000296367201627378,0.00483347643753568,0.00408068945601902,"10399/93974/2537",3
"400","Memory","GO:1900118","negative regulation of execution phase of apoptosis","3/117","21/18614",0.000296367201627378,0.00483347643753568,0.00408068945601902,"100463486/100463498/100462977",3
"407","Memory","GO:2000114","regulation of establishment of cell polarity","3/117","25/18614",0.000503209918754491,0.00777894430796416,0.00656741714306415,"10399/9750/5908",3
"411","Memory","GO:0045445","myoblast differentiation","5/117","110/18614",0.000651733416674614,0.00978075842834311,0.00825745988548935,"9750/60/57492/3956/677",5
"413","Memory","GO:0002831","regulation of response to biotic stimulus","10/117","463/18614",0.00068431904129703,0.0101220140209115,0.00854556682392127,"29997/58515/6772/3659/5094/6352/9636/3665/103/1654",10
"427","Memory","GO:0051099","positive regulation of binding","6/117","176/18614",0.000862762807716279,0.011593727664475,0.00978806928052386,"9750/567/9802/10923/6281/7295",6
"448","Memory","GO:0140632","inflammasome complex assembly","3/117","36/18614",0.00148553425593199,0.0175532093689436,0.0148193949669199,"647087/1654/5610",3
"453","Memory","GO:0010269","response to selenium ion","2/117","11/18614",0.00207609669954164,0.0238461162807688,0.0201322167453347,"140606/6415",2
"456","Memory","GO:0016064","immunoglobulin mediated immune response","5/117","145/18614",0.00222999080913774,0.0251915445252044,0.0212681020489771,"567/972/3118/3113/3665",5
"461","Memory","GO:0014002","astrocyte development","3/117","43/18614",0.00248698693865852,0.0270542071210683,0.0228406653402835,"6279/6280/7431",3
"463","Memory","GO:0071763","nuclear membrane organization","3/117","43/18614",0.00248698693865852,0.0270542071210683,0.0228406653402835,"2010/7329/23175",3
"479","Memory","GO:0002679","respiratory burst involved in defense response","2/117","15/18614",0.00389887918034808,0.0391029053404666,0.0330128460508035,"79415/58515",2
"486","Memory","GO:0043129","surfactant homeostasis","2/117","17/18614",0.00500872726305642,0.0483471514218028,0.0408173523932791,"9476/1512",2
"488","MZB-1","GO:0015986","proton motive force-driven ATP synthesis","16/94","76/18614",3.97363481387815e-22,6.33397389332178e-19,5.69693749105479e-19,"514/517/10632/513/518/506/521/515/9551/498/522/10476/516/509/539/527",16
"494","MZB-1","GO:1902600","proton transmembrane transport","16/94","143/18614",1.71973534963296e-17,3.91608306759276e-15,3.52222488150389e-15,"514/517/10632/513/518/506/521/515/9551/498/522/10476/516/509/539/527",16
"499","MZB-1","GO:0046034","ATP metabolic process","17/94","219/18614",8.03602770327307e-16,1.06745234658477e-13,9.60093836127887e-14,"514/517/10632/513/518/93974/506/521/515/9551/498/522/10476/516/509/539/527",17
"506","MZB-1","GO:0006119","oxidative phosphorylation","13/94","148/18614",5.15893750912265e-13,4.3280770471271e-11,3.89278276311637e-11,"514/10632/513/506/521/515/9551/498/522/10476/509/539/387",13
"514","MZB-1","GO:0002181","cytoplasmic translation","12/94","159/18614",2.5922772155834e-11,1.53040365986665e-09,1.37648404195891e-09,"10399/6171/6156/2197/6175/6229/6158/6130/6132/6228/9045/6159",12
"516","MZB-1","GO:0046596","regulation of viral entry into host cell","5/94","48/18614",4.25432609078644e-06,0.000233841234093572,0.000210322763544506,"972/8519/10581/4061/10346",5
"521","MZB-1","GO:1902624","positive regulation of neutrophil migration","4/94","34/18614",2.5182374570376e-05,0.00118060897250528,0.00106186978838551,"972/9750/58515/5880",4
"523","MZB-1","GO:0021762","substantia nigra development","4/94","44/18614",7.09220492883326e-05,0.00314027073793339,0.00282443950674588,"515/522/387/60",4
"528","MZB-1","GO:1900118","negative regulation of execution phase of apoptosis","3/94","21/18614",0.000155285458022237,0.00603719561188891,0.00543000754367873,"100463486/100463498/100462977",3
"532","MZB-1","GO:0051238","sequestering of metal ion","3/94","26/18614",0.000298062545291414,0.0105580377154336,0.00949616810963522,"2495/2512/6279",3
"534","MZB-1","GO:2000272","negative regulation of signaling receptor activity","4/94","66/18614",0.00034593567203807,0.0116468313894148,0.0104754568793389,"100463486/100463498/100462977/4061",4
"538","MZB-1","GO:0045862","positive regulation of proteolysis","8/94","365/18614",0.000519952580112869,0.0162510669156846,0.0146166236143184,"10399/29997/6923/93974/11337/387/5720/6279",8
"540","MZB-1","GO:0035456","response to interferon-beta","3/94","32/18614",0.000556278918499239,0.0167303508695809,0.0150477038132267,"8519/10581/6772",3
"544","MZB-1","GO:0051607","defense response to virus","7/94","303/18614",0.000863672052743609,0.0241525131942686,0.0217233857033573,"8519/58515/10581/6772/5094/10964/10346",7
"550","MZB-1","GO:0045657","positive regulation of monocyte differentiation","2/94","10/18614",0.00110589546838144,0.0279809107396827,0.0251667439922392,"972/677",2
"553","MZB-1","GO:0007159","leukocyte cell-cell adhesion","8/94","415/18614",0.00119426095077501,0.0288432114475054,0.025942319217792,"972/9750/58515/5880/387/3118/6279/60",8
"556","MZB-1","GO:0010269","response to selenium ion","2/94","11/18614",0.00134720917325401,0.0311224843792303,0.027992355361891,"140606/6415",2
"561","MZB-1","GO:0019884","antigen processing and presentation of exogenous antigen","3/94","49/18614",0.00194213039577362,0.0418345385251776,0.0376270497730251,"972/5720/3118",3
"562","MZB-2","GO:0015986","proton motive force-driven ATP synthesis","16/106","76/18614",3.07805544813546e-21,5.23885037272655e-18,4.70780480646403e-18,"514/517/10632/513/518/9551/522/521/506/515/509/10476/516/498/539/527",16
"564","MZB-2","GO:1902600","proton transmembrane transport","17/106","143/18614",4.66416953930258e-18,1.85890280991237e-15,1.67047175632549e-15,"514/517/10632/513/518/9551/522/521/506/515/509/10476/516/498/539/527/1351",17
"569","MZB-2","GO:0046034","ATP metabolic process","18/106","219/18614",3.57710297317723e-16,7.61028657543455e-14,6.83885607898225e-14,"514/517/10632/513/518/9551/522/93974/521/506/515/509/10476/516/498/539/527/2597",18
"579","MZB-2","GO:0006119","oxidative phosphorylation","13/106","148/18614",2.51279316988797e-12,2.37598554174963e-10,2.13513945955978e-10,"514/10632/513/9551/522/521/506/515/509/10476/498/539/1351",13
"589","MZB-2","GO:0048525","negative regulation of viral process","8/106","90/18614",4.45866109245911e-08,2.7102289926305e-06,2.43550171704627e-06,"8519/10581/4061/9636/3669/6772/684/5478",8
"592","MZB-2","GO:0051607","defense response to virus","11/106","303/18614",1.25007090154532e-06,6.86329249816173e-05,6.16758241068031e-05,"8519/10581/10964/58515/9636/5094/3669/6772/7353/2537/684",11
"595","MZB-2","GO:0002181","cytoplasmic translation","8/106","159/18614",3.52662567294061e-06,0.000176538732216027,0.000158643563553644,"10399/6229/6175/2197/6130/6171/6156/6132",8
"600","MZB-2","GO:0035456","response to interferon-beta","4/106","32/18614",3.15959547358677e-05,0.00137887987078069,0.00123910721271837,"8519/10581/6772/684",4
"601","MZB-2","GO:1902624","positive regulation of neutrophil migration","4/106","34/18614",4.03927688740164e-05,0.0017187123155894,0.00154449192563015,"9750/58515/5880/972",4
"604","MZB-2","GO:1903052","positive regulation of proteolysis involved in protein catabolic process","6/106","137/18614",0.00013293621327825,0.00526180081394376,0.00472842883459725,"10399/6923/29997/93974/11337/6613",6
"610","MZB-2","GO:0051882","mitochondrial depolarization","3/106","21/18614",0.000221554814093264,0.00754172587173471,0.00677724515531606,"10399/93974/2537",3
"611","MZB-2","GO:1900118","negative regulation of execution phase of apoptosis","3/106","21/18614",0.000221554814093264,0.00754172587173471,0.00677724515531606,"100463486/100463498/100462977",3
"617","MZB-2","GO:2000114","regulation of establishment of cell polarity","3/106","25/18614",0.00037684723652723,0.0114534642244526,0.0102924630577832,"10399/9750/5908",3
"622","MZB-2","GO:2000272","negative regulation of signaling receptor activity","4/106","66/18614",0.000545891835670717,0.0151115720105348,0.0135797601158433,"100463486/100463498/100462977/4061",4
"626","MZB-2","GO:0034315","regulation of Arp2/3 complex-mediated actin nucleation","3/106","31/18614",0.000718442881074663,0.018812150516755,0.0169052227724937,"51019/100287171/23325",3
"637","MZB-2","GO:0097250","mitochondrial respirasome assembly","2/106","11/18614",0.00170859497480793,0.038263534830567,0.0343848822492509,"647087/55969",2
"639","MZB-2","GO:0021762","substantia nigra development","3/106","44/18614",0.0020062755568533,0.0437779615097989,0.0393403290702813,"522/515/60",3
"641","Naive","GO:0015986","proton motive force-driven ATP synthesis","15/60","76/18614",1.55025944593433e-23,2.21377048879423e-20,1.78687799294536e-20,"514/517/10632/513/9551/521/518/522/539/506/515/516/498/10476/509",15
"643","Naive","GO:1902600","proton transmembrane transport","16/60","143/18614",6.98296974308471e-21,3.32389359770832e-18,2.68293048023781e-18,"514/517/10632/513/9551/521/518/522/539/506/515/516/498/10476/509/9550",16
"653","Naive","GO:0046034","ATP metabolic process","16/60","219/18614",7.34941002581837e-18,8.0730442437451e-16,6.51627852491589e-16,"514/517/10632/513/9551/521/518/522/539/93974/506/515/516/498/10476/509",16
"657","Naive","GO:0006119","oxidative phosphorylation","13/60","148/18614",1.11389549441442e-15,9.35672215308109e-14,7.55241836770145e-14,"514/10632/513/9551/521/522/539/506/515/498/10476/509/387",13
"668","Naive","GO:0048525","negative regulation of viral process","7/60","90/18614",1.52856323004668e-08,7.79567247323807e-07,6.29239374774856e-07,"10581/8519/6772/3669/4599/4061/9636",7
"669","Naive","GO:0051607","defense response to virus","10/60","303/18614",4.13688370158143e-08,2.03111965577711e-06,1.63944863856401e-06,"58515/10964/10581/8519/6772/5094/3669/4599/3659/9636",10
"670","Naive","GO:0140546","defense response to symbiont","10/60","304/18614",4.26705810037207e-08,2.03111965577711e-06,1.63944863856401e-06,"58515/10964/10581/8519/6772/5094/3669/4599/3659/9636",10
"671","Naive","GO:0035456","response to interferon-beta","5/60","32/18614",5.52878580827439e-08,2.48161792869634e-06,2.00307506407378e-06,"10581/8519/6772/3659/54739",5
"681","Naive","GO:0045646","regulation of erythrocyte differentiation","4/60","47/18614",1.5683419929333e-05,0.000546242040465549,0.000440907440888822,"567/6772/9636/677",4
"683","Naive","GO:0140888","interferon-mediated signaling pathway","5/60","100/18614",1.74837292904323e-05,0.000580622451784588,0.000468658104602774,"10581/8519/6772/3659/9636",5
"684","Naive","GO:0019884","antigen processing and presentation of exogenous antigen","4/60","49/18614",1.85406366060995e-05,0.000601727933488865,0.000485693710135859,"567/972/5720/3118",4
"685","Naive","GO:0050863","regulation of T cell activation","8/60","377/18614",2.68212498170977e-05,0.000848503480326442,0.000684882287304625,"567/9750/58515/972/387/3659/57492/3118",8
"686","Naive","GO:1903037","regulation of leukocyte cell-cell adhesion","8/60","378/18614",2.73327451645773e-05,0.000848503480326442,0.000684882287304625,"567/9750/58515/972/387/3659/57492/3118",8
"695","Naive","GO:1903052","positive regulation of proteolysis involved in protein catabolic process","5/60","137/18614",7.92092277843097e-05,0.00205655958683626,0.00165998285978601,"10399/29997/6923/93974/11337",5
"705","Naive","GO:1902624","positive regulation of neutrophil migration","3/60","34/18614",0.000177445430889828,0.00389833962016423,0.00314660318743906,"9750/58515/972",3
"713","Naive","GO:0021762","substantia nigra development","3/60","44/18614",0.000383835346167511,0.00750845033324939,0.00606055809738175,"522/515/387",3
"728","Naive","GO:0002679","respiratory burst involved in defense response","2/60","15/18614",0.00104426457710021,0.0168775396318802,0.0136229587917653,"79415/58515",2
"729","Naive","GO:0032481","positive regulation of type I interferon production","3/60","62/18614",0.0010518914756564,0.0168775396318802,0.0136229587917653,"6772/3659/9636",3
"734","Naive","GO:2000272","negative regulation of signaling receptor activity","3/60","66/18614",0.00126115369087977,0.0191588028784714,0.0154643145746175,"100463486/100463498/4061",3
"738","Naive","GO:0051881","regulation of mitochondrial membrane potential","3/60","70/18614",0.00149493137545702,0.0215920371434997,0.0174283360401977,"10399/93974/8115",3
"749","Naive","GO:0001937","negative regulation of endothelial cell proliferation","3/60","77/18614",0.00196605490754347,0.0257571230089181,0.0207902474530188,"93974/498/6772",3
"751","Naive","GO:1900118","negative regulation of execution phase of apoptosis","2/60","21/18614",0.00206271861935283,0.0265365962922148,0.0214194109833224,"100463486/100463498",2
"763","Naive","GO:2000114","regulation of establishment of cell polarity","2/60","25/18614",0.00292244001715657,0.0334437250603289,0.0269946033768688,"10399/9750",2
"770","Naive","GO:0031334","positive regulation of protein-containing complex assembly","4/60","195/18614",0.00360405756101592,0.039291406977251,0.03171464738323,"10399/387/8115/9636",4
"774","Naive","GO:0002831","regulation of response to biotic stimulus","6/60","463/18614",0.00369030461302092,0.0393265297566708,0.0317429972604706,"29997/58515/6772/5094/3659/9636",6
"788","PB","GO:0015986","proton motive force-driven ATP synthesis","18/163","76/18614",2.84280174564853e-21,8.02238652622014e-18,6.52348190054083e-18,"514/10632/517/522/518/513/9551/516/521/498/506/10476/509/515/527/539/54539/4700",18
"794","PB","GO:1902600","proton transmembrane transport","20/163","143/18614",1.11054884515548e-18,4.47709834432683e-16,3.64059621419392e-16,"514/10632/517/522/518/513/9551/516/521/498/506/10476/509/515/527/539/9377/1351/7114/533",20
"799","PB","GO:0046034","ATP metabolic process","22/163","219/18614",2.70727505769993e-17,6.36660851069101e-15,5.17706984718057e-15,"514/10632/517/522/518/513/93974/9551/516/521/498/506/10476/509/515/527/2597/539/54539/7114/3458/4700",22
"800","PB","GO:0006119","oxidative phosphorylation","19/163","148/18614",4.4252953633369e-17,9.60629501179748e-15,7.81145254418982e-15,"514/10632/522/513/9551/521/498/506/10476/509/515/539/9377/54539/1351/1347/387/4700/51142",19
"815","PB","GO:0019835","cytolysis","6/163","23/18614",3.66915620871087e-08,3.69798529320788e-06,3.00705283270289e-06,"3002/3001/4818/4069/2999/5551",6
"816","PB","GO:0009615","response to virus","17/163","408/18614",1.15152654067996e-07,1.12055444751684e-05,9.11189785365629e-06,"58515/2537/8519/9636/3429/7353/6352/6772/10581/6351/10410/3665/4599/3553/11040/3458/5551",17
"817","PB","GO:0098869","cellular oxidant detoxification","9/163","99/18614",2.1417502869522e-07,2.0146731032597e-05,1.63825109668624e-05,"55829/51714/9403/6280/7295/6415/10549/348/2950",9
"818","PB","GO:0019221","cytokine-mediated signaling pathway","18/163","492/18614",3.30209556142628e-07,3.00597215301451e-05,2.44433559385715e-05,"8519/9636/3429/3576/2207/6352/6772/10581/6351/10563/10410/3665/4599/2950/7114/3553/960/3458",18
"823","PB","GO:0050727","regulation of inflammatory response","16/163","414/18614",7.54625520562463e-07,5.88229602729411e-05,4.78324642452205e-05,"55829/6279/6280/6352/4818/3956/9021/8530/348/6223/2950/7114/3553/283131/3458/301",16
"825","PB","GO:0045862","positive regulation of proteolysis","15/163","365/18614",7.92088054702963e-07,5.88229602729411e-05,4.78324642452205e-05,"10399/6923/93974/29997/64115/6279/6280/11337/5721/348/3553/6281/387/3458/6613",15
"826","PB","GO:0097530","granulocyte migration","10/163","156/18614",1.17647645745806e-06,8.51286298191446e-05,6.92231761743202e-05,"58515/6279/6280/3576/2207/6352/6351/10563/3553/301",10
"827","PB","GO:0048525","negative regulation of viral process","8/163","90/18614",1.22710997893053e-06,8.65726090135489e-05,7.03973619491725e-05,"4061/8519/9636/6352/6772/10581/10410/4599",8
"832","PB","GO:0097250","mitochondrial respirasome assembly","4/163","11/18614",1.78282435111261e-06,0.000111802895974218,9.09136160333449e-05,"55969/647087/1347/192286",4
"834","PB","GO:0014002","astrocyte development","6/163","43/18614",1.91728811032963e-06,0.000115118873347877,9.36100353979527e-05,"6279/6280/7431/712/3553/3458",6
"838","PB","GO:0140888","interferon-mediated signaling pathway","8/163","100/18614",2.73574720781505e-06,0.000148961193478449,0.000121129248305799,"8519/9636/3429/6772/10581/10410/3665/3458",8
"839","PB","GO:0051238","sequestering of metal ion","5/163","26/18614",2.74485544325986e-06,0.000148961193478449,0.000121129248305799,"2512/2495/6279/6280/301",5
"840","PB","GO:0070486","leukocyte aggregation","4/163","13/18614",3.81025782699524e-06,0.000202878256373218,0.00016497243421747,"6279/6280/3553/960",4
"852","PB","GO:0061900","glial cell activation","6/163","55/18614",8.35996388688852e-06,0.000362951047519991,0.00029513718661404,"7305/8530/712/3553/3458/199",6
"858","PB","GO:0002181","cytoplasmic translation","9/163","159/18614",1.12480971082342e-05,0.000447072254076574,0.000363541166730177,"10399/6171/6229/6130/6175/6132/6223/6158/6159",9
"859","PB","GO:0017014","protein nitrosylation","4/163","17/18614",1.2340749040211e-05,0.000477062928650347,0.000387928376462291,"6279/6280/7295/2597",4
"860","PB","GO:0018119","peptidyl-cysteine S-nitrosylation","4/163","17/18614",1.2340749040211e-05,0.000477062928650347,0.000387928376462291,"6279/6280/7295/2597",4
"870","PB","GO:0042119","neutrophil activation","5/163","42/18614",3.17011476597704e-05,0.00107783902043219,0.000876455318938485,"3576/7305/2207/6352/301",5
"872","PB","GO:0051767","nitric-oxide synthase biosynthetic process","4/163","22/18614",3.66556459592439e-05,0.00120281666159286,0.000978082107602837,"55829/6772/2950/3458",4
"873","PB","GO:0051769","regulation of nitric-oxide synthase biosynthetic process","4/163","22/18614",3.66556459592439e-05,0.00120281666159286,0.000978082107602837,"55829/6772/2950/3458",4
"875","PB","GO:0021762","substantia nigra development","5/163","44/18614",3.99041853768957e-05,0.00127965467197272,0.00104056368566546,"522/515/801/387/60",5
"896","PB","GO:0006979","response to oxidative stress","13/163","434/18614",0.000119555435057158,0.00309527924524127,0.00251695652751911,"10399/58515/55829/7295/6772/10549/348/2950/2353/301/4700/51142/199",13
"900","PB","GO:0035456","response to interferon-beta","4/163","32/18614",0.000168316425236106,0.00416656975452886,0.00338808686070832,"8519/6772/10581/10410",4
"901","PB","GO:0046825","regulation of protein export from nucleus","4/163","32/18614",0.000168316425236106,0.00416656975452886,0.00338808686070832,"3429/7295/3553/2010",4
"908","PB","GO:0002679","respiratory burst involved in defense response","3/163","15/18614",0.000277620782711583,0.00647475908109163,0.00526501353902785,"58515/79415/6223",3
"910","PB","GO:0002449","lymphocyte mediated immunity","10/163","300/18614",0.000320394040216383,0.00735082911781002,0.00597739843963812,"567/3002/2207/4818/3665/712/3553/713/925/5551",10
"913","PB","GO:0001819","positive regulation of cytokine production","13/163","489/18614",0.000380713273347908,0.00852676870942696,0.00693362519547569,"58515/567/9636/7305/2207/2597/6772/647087/3665/3553/3458/301/199",13
"917","PB","GO:0045454","cell redox homeostasis","4/163","40/18614",0.000405102176770736,0.00879383340651551,0.00715079146040651,"55829/51714/7295/10549",4
"919","PB","GO:0051098","regulation of binding","11/163","369/18614",0.000418439840715158,0.00894573659468315,0.00727431302040705,"10399/567/7295/3001/801/348/1026/7114/6281/3458/60",11
"926","PB","GO:0048662","negative regulation of smooth muscle cell proliferation","5/163","75/18614",0.000509893822622649,0.0103519450895044,0.00841778518225956,"348/1026/387/3458/199",5
"933","PB","GO:0051882","mitochondrial depolarization","3/163","21/18614",0.000780787977118766,0.0147295796137125,0.0119775014203787,"10399/93974/2537",3
"936","PB","GO:1900118","negative regulation of execution phase of apoptosis","3/163","21/18614",0.000780787977118766,0.0147295796137125,0.0119775014203787,"100463486/100463498/100462977",3
"937","PB","GO:0002262","myeloid cell homeostasis","7/163","171/18614",0.000782933005689892,0.0147295796137125,0.0119775014203787,"93974/567/9636/6772/6229/6223/301",7
"947","PB","GO:1903131","mononuclear cell differentiation","12/163","474/18614",0.00097709973048261,0.017233596496387,0.0140136671871848,"567/64115/2207/3956/3665/3553/2353/387/925/3458/301/60",12
"949","PB","GO:0006925","inflammatory cell apoptotic process","3/163","23/18614",0.00102641433714042,0.0178798843173474,0.0145392024364271,"55829/3665/301",3
"953","PB","GO:0006909","phagocytosis","8/163","236/18614",0.00114303333709941,0.0194315667306899,0.0158009681349189,"10399/23184/7305/2207/3553/3458/301/199",8
"963","PB","GO:1901216","positive regulation of neuron death","5/163","92/18614",0.0012897204143041,0.0206794943702623,0.0168157326745391,"7305/712/2353/387/3458",5
"976","PB","GO:0006826","iron ion transport","4/163","57/18614",0.00156028054103537,0.0232968872317557,0.0189440912250466,"2512/567/2495/3458",4
"980","PB","GO:0031334","positive regulation of protein-containing complex assembly","7/163","195/18614",0.00167548268522709,0.0244985084855484,0.0199212012751298,"10399/9636/647087/10563/387/3458/5216",7
"1004","PB","GO:0002831","regulation of response to biotic stimulus","11/163","463/18614",0.00259720326063197,0.033775611066836,0.0274649677816041,"58515/29997/9636/7353/7305/6352/6772/3665/348/6223/3553",11
"1006","PB","GO:0032770","positive regulation of monooxygenase activity","3/163","32/18614",0.00271359072450437,0.0347449311921992,0.0282531799018964,"348/3553/3458",3
"1016","PB","GO:0006469","negative regulation of protein kinase activity","7/163","217/18614",0.00305388960230662,0.0376335216493855,0.0306020654241712,"10399/51637/348/2950/1026/3553/3458",7
"1019","PB","GO:0051348","negative regulation of transferase activity","8/163","279/18614",0.00324411931329569,0.0391614058545674,0.0318444793774319,"10399/51637/29085/348/2950/1026/3553/3458",8
"1021","PB","GO:0051342","regulation of cyclic-nucleotide phosphodiesterase activity","2/163","10/18614",0.00327501480569735,0.0391614058545674,0.0318444793774319,"10399/801",2
"1022","PB","GO:0098885","modification of postsynaptic actin cytoskeleton","2/163","10/18614",0.00327501480569735,0.0391614058545674,0.0318444793774319,"387/5216",2
"1034","PB","GO:0010269","response to selenium ion","2/163","11/18614",0.00397983929410329,0.0452343480067909,0.0367827515591049,"140606/6415",2
"1041","PB","GO:0002253","activation of immune response","11/163","495/18614",0.00430258518883249,0.047802737806635,0.038871262791773,"29997/7353/7305/2207/29085/3665/712/3553/713/925/3507",11
"1045","TS","GO:0015986","proton motive force-driven ATP synthesis","10/26","76/18614",3.50743949833508e-18,2.06588186451936e-15,1.53588929611304e-15,"514/517/10632/513/521/539/9551/498/506/522",10
"1052","TS","GO:1902600","proton transmembrane transport","10/26","143/18614",2.48970021182572e-15,1.83304178095669e-13,1.36278327384145e-13,"514/517/10632/513/521/539/9551/498/506/522",10
"1053","TS","GO:0046034","ATP metabolic process","11/26","219/18614",3.07566375609474e-15,2.01285105815533e-13,1.49646330121101e-13,"514/517/10632/513/521/539/9551/498/93974/506/522",11
"1058","TS","GO:0009060","aerobic respiration","10/26","196/18614",6.10459074029045e-14,2.56828853287934e-12,1.90940582553446e-12,"29997/514/10632/513/521/539/9551/498/506/522",10
"1072","TS","GO:1903052","positive regulation of proteolysis involved in protein catabolic process","4/26","137/18614",3.70212462779572e-05,0.000778768359204172,0.000578978889159031,"10399/29997/6923/93974",4
"1076","TS","GO:0051882","mitochondrial depolarization","2/26","21/18614",0.000387600434340394,0.00713427049457788,0.00530400594360539,"10399/93974",2
"1078","TS","GO:2000114","regulation of establishment of cell polarity","2/26","25/18614",0.000551815965388205,0.00952914717348913,0.00708448793525419,"10399/9750",2
"1082","TS","GO:1901031","regulation of response to reactive oxygen species","2/26","40/18614",0.00141636900639902,0.0219537195991848,0.0163215929823266,"10399/27244",2
"1086","TS","GO:0051898","negative regulation of protein kinase B signaling","2/26","59/18614",0.00305673596318089,0.0428670829122272,0.031869728337926,"10399/29997",2
"1088","TS","GO:2001244","positive regulation of intrinsic apoptotic signaling pathway","2/26","63/18614",0.00347713943907108,0.046546252945747,0.0346050240826213,"10399/6279",2
