"","p_val","avg_log2FC","pct.1","pct.2","p_val_adj"
"ISG15",0,3.2774181938228,0.914,0.303,0
"IFI6",0,2.65379946503884,0.752,0.204,0
"IFI44L",0,2.35526468761515,0.72,0.124,0
"CMPK2",0,1.42710295675426,0.346,0.028,0
"RSAD2",0,1.17254359636313,0.261,0.026,0
"PLSCR1",0,1.72561626989374,0.526,0.111,0
"HERC5",0,1.40167653684518,0.339,0.047,0
"LY6E",0,2.14550327926998,0.889,0.452,0
"IFITM1",0,2.32719484771486,0.836,0.29,0
"IFIT2",0,1.91315576734918,0.404,0.041,0
"IFIT3",0,2.93423640409622,0.679,0.054,0
"IFIT1",0,1.98259819927451,0.452,0.034,0
"EPSTI1",0,1.81209111175882,0.611,0.17,0
"USP18",0,1.27411594521486,0.311,0.04,0
"MX1",0,2.49675364193186,0.782,0.248,0
"MX2",1.04076385887163e-298,1.6060428817697,0.486,0.104,3.90161555413795e-294
"B2M",6.84290452585854e-292,0.856819024825941,1,0.999,2.56526804865385e-287
"OAS3",1.50053961296725e-287,1.23036959126469,0.312,0.043,5.62522290109162e-283
"STAT1",1.31232906332963e-270,1.62347528726347,0.65,0.206,4.91965919261012e-266
"IRF7",1.42366169163409e-265,1.86475265986531,0.696,0.274,5.33702294959787e-261
"EIF2AK2",2.43173120802054e-250,1.58865923036029,0.547,0.156,9.1160739526274e-246
"ISG20",1.54230717397726e-236,1.81778948305757,0.885,0.608,5.78180113380594e-232
"SAMD9L",3.35176308076956e-231,1.50994987553453,0.478,0.125,1.25650894371889e-226
"OAS1",3.48544262477098e-230,1.65149478407689,0.528,0.156,1.30662273117414e-225
"IFITM2",5.43470130041814e-226,1.68522992836083,0.876,0.574,2.03736082350075e-221
"TNFSF10",3.46830171627379e-210,1.75989965839954,0.407,0.098,1.30019694739672e-205
"IFI44",3.60877049675366e-194,1.06702661967641,0.298,0.055,1.35285588382301e-189
"XAF1",2.06654457757647e-186,1.28467272970212,0.44,0.122,7.74706231241866e-182
"GBP1",2.67626663877264e-175,1.22875815258118,0.325,0.072,1.00327883754309e-170
"TRIM22",2.29736647217289e-171,1.33572271307868,0.578,0.221,8.61236743088174e-167
"PSMB9",1.67790063123573e-166,1.28433151033558,0.849,0.618,6.2901138863765e-162
"TYMP",3.07551779001917e-166,1.50849761660602,0.666,0.326,1.15295010912239e-161
"BST2",1.86911474877504e-164,1.47956106870523,0.719,0.415,7.00693737020785e-160
"NEXN",2.02744844874167e-160,0.635001872004048,0.126,0.012,7.60049874464279e-156
"UBE2L6",5.84030650996197e-160,1.46477590721345,0.63,0.301,2.18941410445455e-155
"OASL",1.2407813646929e-148,0.768006886432266,0.179,0.026,4.65144117996073e-144
"MT2A",8.68082753955277e-141,1.56984600912642,0.468,0.173,3.25426862802754e-136
"HLA-A",2.0896430331609e-139,0.830887571043579,0.99,0.952,7.83365380271357e-135
"PARP9",7.8283108502338e-134,1.08765047736098,0.347,0.099,2.93467717153565e-129
"HLA-B",1.70549091243112e-129,0.730296091723122,0.998,0.988,6.39354433252179e-125
"NT5C3A",9.21985260572794e-127,1.4593170549989,0.532,0.246,3.45633834483529e-122
"MYL12A",1.36645218909934e-124,1.06736772866982,0.906,0.787,5.12255596649561e-120
"MNDA",4.51978924739947e-123,1.18279150136506,0.285,0.073,1.69437859306511e-118
"OAS2",1.64450280612387e-120,1.00213347008036,0.287,0.076,6.16491211959716e-116
"DDX60",9.47868779718809e-119,0.727213104762267,0.188,0.034,3.55337048140987e-114
"RNF213",1.9782665108043e-115,1.29276337804303,0.536,0.256,7.41612549570315e-111
"PPM1K",3.37361625249399e-113,1.24788325036797,0.6,0.325,1.26470126073495e-108
"CXCL10",1.67366140718889e-112,1.35404241747052,0.12,0.015,6.27422188326971e-108
"HELZ2",1.13095045384956e-110,1.00138593173985,0.249,0.062,4.23970706139123e-106
"HLA-E",1.57851233591729e-109,0.72679119060991,0.967,0.931,5.91752704488674e-105
"SAT1",1.00066045762019e-108,1.12113038273156,0.821,0.644,3.75127592352658e-104
"TAP1",5.40832767235164e-105,1.22664739918124,0.561,0.301,2.02747387781118e-100
"GBP4",6.08654977620563e-105,1.07327591944671,0.28,0.079,2.28172578010397e-100
"SAMD9",7.94714943862659e-102,1.0815517141923,0.325,0.106,2.97922738155234e-97
"DRAP1",1.17156241702603e-99,1.19559781950479,0.623,0.388,4.39195318894717e-95
"NMI",4.98065558174846e-97,0.949607775393205,0.349,0.125,1.86714816448586e-92
"TMSB4X",7.45762233176621e-97,0.538620691319972,1,0.995,2.79571345973252e-92
"C19orf66",2.9729020565249e-96,1.16104148466947,0.48,0.224,1.11448152295006e-91
"DHX58",4.02336598569637e-93,0.638910746764358,0.158,0.03,1.50827944071786e-88
"IFI35",1.64848498405426e-92,1.21853455907191,0.437,0.204,6.1798405082226e-88
"DDX60L",3.42244488586462e-86,0.667352362820568,0.161,0.034,1.28300613881293e-81
"CACNA1A",4.13667057170599e-85,0.604438937624669,0.121,0.02,1.55075506392114e-80
"RABGAP1L",8.66273465654512e-84,1.13689479494633,0.376,0.157,3.24748596804564e-79
"IFI16",1.66076253330201e-83,1.12427821562694,0.62,0.403,6.22586658484257e-79
"HERC6",5.62957615885085e-83,0.566765320645838,0.133,0.024,2.11041551043001e-78
"HLA-C",1.54358507320947e-82,0.547214433423065,0.984,0.973,5.78659172244765e-78
"PARP14",5.41026651680348e-76,1.04827835831156,0.425,0.205,2.02820071181929e-71
"IFIT5",6.78777937991617e-75,0.681569645017139,0.182,0.046,2.54460273394297e-70
"DDX58",1.80575971045495e-69,0.66148753023963,0.146,0.033,6.76943200255351e-65
"SELL",7.05148917498535e-69,0.850023743763854,0.718,0.502,2.64346226191851e-64
"TMSB10",4.00052661930922e-65,0.498773294905326,0.999,0.988,1.49971741904664e-60
"PSME2",2.98807730193538e-63,0.986182037051911,0.646,0.496,1.12017041894954e-58
"PSME1",1.79651384203234e-62,0.697021481554285,0.822,0.734,6.73477109101082e-58
"IFIH1",3.11001197011824e-62,0.705775090657883,0.182,0.053,1.16588128735793e-57
"SP110",3.271567422798e-62,0.93780918290162,0.53,0.325,1.22644519545852e-57
"SLFN5",1.260226838122e-61,0.777255836421005,0.185,0.055,4.72433837075177e-57
"ADAR",4.47867264853375e-61,0.921827711750396,0.459,0.261,1.67896480248233e-56
"XIST",1.47882806956107e-58,0.740354507112347,0.165,0.046,5.54383066717052e-54
"LAP3",7.06658993620858e-57,0.953068846518096,0.365,0.189,2.64912323528587e-52
"HAPLN3",1.25366725989857e-54,0.494220448509931,0.116,0.026,4.69974782390777e-50
"CHST12",1.26563198327192e-54,1.01081515619412,0.329,0.161,4.74460117888977e-50
"IFITM3",4.89177028927829e-54,0.854433934017252,0.213,0.075,1.83382684604464e-49
"PLAC8",1.1237388669567e-53,0.966950806847825,0.583,0.392,4.21267226444729e-49
"CD48",1.35549000770006e-53,0.712527527100654,0.722,0.582,5.081460940866e-49
"CD164",2.10216632590902e-53,0.847020327747894,0.567,0.415,7.88060112256773e-49
"CHMP5",4.98330945114212e-51,0.886957806553462,0.377,0.205,1.86814304704416e-46
"FBXO6",7.53257766638004e-50,0.705334231359252,0.187,0.063,2.82381271557255e-45
"UBC",9.07228568772202e-48,0.495762156488434,0.938,0.901,3.40101845861323e-43
"PTMA",2.48435538845148e-46,0.359833240983932,0.996,0.991,9.31335148022692e-42
"STAT2",5.95681124842347e-46,0.771509909015863,0.224,0.09,2.23308940080899e-41
"TLR7",1.89381326690552e-45,0.43896381860765,0.102,0.024,7.09952717497542e-41
"TNFRSF13B",2.41238587458134e-44,0.855069234758708,0.433,0.253,9.04355216663054e-40
"SUB1",6.03935937575271e-43,0.672909638637551,0.733,0.636,2.26403504278218e-38
"HSH2D",9.13174575999808e-43,0.871617827256711,0.431,0.273,3.42330885050808e-38
"CD69",2.11022270576365e-42,0.524801769667936,0.733,0.558,7.91080287936675e-38
"HLA-DPA1",2.33304234963891e-42,0.415062271413447,0.978,0.932,8.74610916032633e-38
"ATP6V0E1",1.37692973057812e-41,0.624747606170838,0.726,0.65,5.16183417399127e-37
"MRPL44",1.07482192844344e-39,0.862679686006199,0.263,0.127,4.02929244534876e-35
"S100A11",1.36231434703008e-39,0.86036561897084,0.483,0.333,5.10704402414636e-35
"CLIC1",6.37673678781978e-39,0.601871700055569,0.792,0.735,2.39051108701788e-34
"PNPT1",9.81866656691848e-38,0.586459484711905,0.154,0.055,3.6808217226064e-33
"APOL6",2.17557202965993e-36,0.661833595959994,0.179,0.072,8.15578442478913e-32
"IRF9",7.86750594102072e-36,0.712640815227482,0.266,0.132,2.94937062716985e-31
"H3F3B",8.39645593934593e-36,0.436982154875494,0.926,0.912,3.147663402542e-31
"TNFSF13B",8.96299230323535e-36,0.535579714944101,0.11,0.032,3.36004655463687e-31
"PML",3.07172188428076e-34,0.608411100597489,0.196,0.084,1.15152709997917e-29
"TMEM123",3.87126941860441e-34,0.882216213866639,0.469,0.334,1.45126147964642e-29
"FTH1",7.44395084183296e-34,0.317312108003109,0.987,0.988,2.79058829158634e-29
"WARS",3.90347999044281e-33,0.983177824765973,0.221,0.106,1.4633365788172e-28
"CALM2",1.2261029488163e-32,0.56409563391029,0.761,0.704,4.59641473452256e-28
"RAC2",1.93728449141509e-32,0.64224905782762,0.767,0.72,7.2624921014169e-28
"ETV7",1.94768224316785e-32,0.43887294862315,0.114,0.036,7.30147119318764e-28
"ELF1",4.71530686400534e-32,0.76142309260749,0.455,0.324,1.76767423717832e-27
"ZBP1",2.23570218044747e-31,0.836089622832931,0.27,0.15,8.38120033406146e-27
"PI4K2B",2.26082833350671e-31,0.445093722515711,0.108,0.034,8.47539325664997e-27
"KLF6",3.8281892716557e-31,0.495425098404959,0.76,0.642,1.43511159415829e-26
"ACTB",9.1533713122857e-31,0.512842031265906,0.99,0.985,3.43141583754966e-26
"PARP12",1.17060883111529e-30,0.485822720186463,0.147,0.056,4.388378386085e-26
"PHF11",1.1971134246774e-30,0.682711280021364,0.278,0.152,4.48773880643065e-26
"RBCK1",2.27811813916361e-30,0.780201426180295,0.38,0.254,8.54020928009653e-26
"CAPG",4.44474150894398e-30,0.675048851959405,0.456,0.315,1.66624469687292e-25
"MALAT1",1.71409307649885e-29,0.33101635397357,1,0.992,6.42579212517887e-25
"RTCB",5.71681319549805e-29,0.692151219943962,0.267,0.149,2.14311893072831e-24
"CD53",5.87746777784504e-29,0.469446260140749,0.782,0.7,2.20334512055855e-24
"DTX3L",2.24469258200344e-28,0.503296492680256,0.135,0.051,8.41490355141451e-24
"IRF1",3.25676749347809e-28,0.76032688350305,0.464,0.34,1.22089699795507e-23
"BANK1",6.30805032742828e-28,0.576640412645371,0.636,0.512,2.36476190674631e-23
"SP100",1.31926685350064e-27,0.729605528102554,0.53,0.437,4.94566758040318e-23
"NUB1",2.90849747362197e-27,0.638870070178718,0.25,0.135,1.09033753291141e-22
"GSTK1",1.00192047427815e-26,0.670385487144881,0.566,0.484,3.75599947397394e-22
"CD24",1.31030734335882e-26,0.699361760484776,0.438,0.302,4.91208016878355e-22
"NLRC5",2.6531642452007e-26,0.515277008387368,0.169,0.075,9.94618212240838e-22
"LGALS9",1.21449477160587e-25,0.593727836992281,0.272,0.155,4.55289799979607e-21
"PSMB8",4.98625071404571e-25,0.647530016862816,0.56,0.486,1.86924566768146e-20
"CCR7",6.92113894432457e-25,0.798691270991621,0.323,0.202,2.59459656744839e-20
"HLA-DRB5",7.05977814882383e-25,0.385628857482737,0.794,0.641,2.64656963243108e-20
"ZFP36L1",9.41310232388581e-25,0.59531187526777,0.615,0.525,3.52878379917831e-20
"TNFAIP8",1.76246034142844e-24,0.677842868782445,0.506,0.409,6.60711132794693e-20
"BISPR",2.27813630181538e-23,0.437691990434975,0.141,0.061,8.54027736824549e-19
"USP15",3.26525521922349e-23,0.6250459460176,0.359,0.246,1.2240788765825e-18
"ZNFX1",4.33013636199863e-23,0.477890564664575,0.138,0.058,1.62328151938605e-18
"HLA-F",5.71473817008859e-23,0.561483063486387,0.477,0.38,2.14234104520281e-18
"SAMSN1",1.04785066998363e-22,0.710110430910329,0.343,0.233,3.92818259163463e-18
"DDX5",1.16851613218049e-22,0.367869455564128,0.876,0.855,4.38053327631821e-18
"TRAFD1",5.02488056905035e-22,0.447158749055087,0.139,0.061,1.8837272277256e-17
"PARP10",5.07079841764187e-22,0.543682954479522,0.212,0.114,1.90094091080558e-17
"PTGES3",7.22146627160201e-22,0.595678276525589,0.551,0.486,2.70718327589816e-17
"MS4A1",9.50475621777031e-22,0.29112376922363,0.915,0.786,3.56314301091773e-17
"GBP2",1.48414052428544e-21,0.58664449401049,0.165,0.08,5.56374599744125e-17
"DYNLT1",1.74998581005885e-21,0.775575446021283,0.273,0.172,6.5603468047486e-17
"TPM3",2.12716892860225e-21,0.506532513990188,0.633,0.568,7.9743308795441e-17
"APOL3",2.92090860167224e-21,0.489171613666754,0.166,0.081,1.09499021659489e-16
"CCDC85B",3.15119415237436e-21,0.619825256377933,0.457,0.373,1.1813196638421e-16
"HLA-DQA1",7.80115319924219e-21,0.279389080020023,0.903,0.802,2.92449631133191e-16
"ODF3B",7.89181521472991e-21,0.59079187206502,0.218,0.125,2.95848368769795e-16
"ZFP36",1.05900130709005e-20,0.529847667850778,0.654,0.595,3.96998410001918e-16
"GSDMD",1.50937210642638e-20,0.647677192136507,0.327,0.227,5.65833415257123e-16
"PSMB10",1.87589937476014e-20,0.661857271105418,0.438,0.352,7.03237157610082e-16
"ZBTB20",2.89735232352705e-20,0.605741836325533,0.297,0.191,1.08615943904382e-15
"GNG5",2.97908784862969e-20,0.583312410933679,0.539,0.479,1.1168004526943e-15
"RNASET2",3.76793681897424e-20,0.490267491272601,0.629,0.586,1.41252415469706e-15
"CXCL8",4.19005256557399e-20,0.504381924144705,0.169,0.085,1.57076690578238e-15
"HLA-DQB1",4.23574584934718e-20,0.265258372301736,0.937,0.87,1.58789640400327e-15
"TAP2",9.18316834142234e-20,0.571750752311108,0.225,0.132,3.44258614783241e-15
"UBE2N",1.70023115518913e-19,0.586831878497942,0.483,0.399,6.373826554573e-15
"COX5A",2.48873241184043e-19,0.767291725150142,0.495,0.451,9.32976006550742e-15
"ITGB1",2.73061655475786e-19,0.742446731939971,0.372,0.274,1.02365353404763e-14
"UBE2D3",3.53649910661829e-19,0.475113530003095,0.628,0.606,1.32576278508907e-14
"MYD88",6.33047517618518e-18,0.480849124370457,0.158,0.081,2.3731685340483e-13
"DNAJA1",2.87665347676522e-17,0.638128833126504,0.374,0.29,1.07839985536975e-12
"MCL1",3.30735021236449e-17,0.597519383948456,0.41,0.327,1.2398594476112e-12
"CTSH",3.65811507855671e-17,0.442536502033409,0.561,0.482,1.37135418064934e-12
"JUN",4.0589994084899e-17,0.456340823063318,0.734,0.684,1.5216376982547e-12
"ACP5",4.28978734897897e-17,0.553977183825848,0.37,0.272,1.60815548138524e-12
"SEPT6",6.6123250381191e-17,0.626720414266557,0.506,0.45,2.47882841029009e-12
"APOBEC3G",1.19141718108671e-16,0.653427272970641,0.324,0.241,4.46638472845786e-12
"ELK4",1.29604054744568e-16,0.426791257166688,0.185,0.104,4.85859680426435e-12
"KAT2A",1.86147318643552e-16,0.382825591474104,0.156,0.081,6.97829068130948e-12
"C15orf48",2.51813756183119e-16,0.384774479355117,0.103,0.045,9.43999409179275e-12
"CDC42",3.65022061625255e-16,0.481679913306485,0.59,0.542,1.36839470462076e-11
"XRN1",4.0091939934482e-16,0.535148513473488,0.173,0.098,1.50296664426386e-11
"PPP1R15A",4.18140127738738e-16,0.485820989110254,0.59,0.529,1.56752371086698e-11
"CAPZA1",4.20254257424479e-16,0.607416685238821,0.439,0.363,1.57544916023289e-11
"CCDC50",4.25370054788459e-16,0.564056786735076,0.341,0.253,1.59462726139098e-11
"SMCHD1",5.72235256860887e-16,0.625512393922451,0.361,0.277,2.14519553092009e-11
"TCF4",5.7225220512455e-16,0.615890703433883,0.398,0.315,2.14525906657091e-11
"TAPBP",6.09513891266259e-16,0.593366230136642,0.536,0.506,2.28494567557895e-11
"DUSP1",7.3809287009854e-16,0.254339627051972,0.812,0.765,2.76696255142541e-11
"UBA7",7.4831573590249e-16,0.513279573386939,0.179,0.102,2.80528603075125e-11
"IDH3A",8.85906841004488e-16,0.410157488221743,0.171,0.095,3.32108756555763e-11
"RASGEF1B",9.42081430864408e-16,0.410584990042836,0.135,0.067,3.53167486802449e-11
"SOCS1",1.098761233569e-15,0.666806612133797,0.258,0.173,4.11903611240346e-11
"TRIM69",2.09043391740471e-15,0.465072315244294,0.164,0.091,7.83661866956679e-11
"SRGN",3.89143865300821e-15,0.445852981009744,0.501,0.423,1.45882252223972e-10
"EIF5A",9.54248481904805e-15,0.533327523998612,0.455,0.387,3.57728670896473e-10
"B3GNT2",1.05517234631639e-14,0.450040022297599,0.122,0.061,3.95563009187087e-10
"CASP1",1.15869670104457e-14,0.546006585314476,0.22,0.142,4.3437221928759e-10
"DDX3X",1.28503438604312e-14,0.716157265491786,0.331,0.253,4.81733690639845e-10
"EVL",1.68484598938274e-14,0.50147868690134,0.569,0.526,6.31615064499801e-10
"GPBP1",1.72081955376087e-14,0.695911090046503,0.385,0.315,6.45100834313874e-10
"TMEM140",3.43236524718774e-14,0.409662760712119,0.11,0.053,1.28672508386574e-09
"WDFY1",3.65998586230608e-14,0.393002179059415,0.122,0.061,1.3720555000613e-09
"TRANK1",7.80259502131506e-14,0.324178756362538,0.115,0.056,2.92503682159059e-09
"FGD2",8.3302723090768e-14,0.51412927862671,0.23,0.149,3.12285248322671e-09
"DEK",9.04764003648856e-14,0.563752737840373,0.372,0.293,3.39177929687883e-09
"VIM",9.12480534190561e-14,0.4402200114474,0.676,0.636,3.42070702657357e-09
"ZC3HAV1",1.32535329207957e-13,0.513410054296925,0.248,0.168,4.96848442134789e-09
"SYNGR2",1.7869879834885e-13,0.495007387582866,0.584,0.552,6.69906055250168e-09
"IER2",1.83871809278034e-13,0.4053080212101,0.574,0.522,6.89298638621495e-09
"AC114760.2",2.57435685933899e-13,0.445598845494654,0.142,0.076,9.65074899428999e-09
"ARID5A",2.71525403467913e-13,0.513272253529483,0.22,0.146,1.01789443252051e-08
"CD40",2.79041946646227e-13,0.484007545247319,0.462,0.388,1.04607244958738e-08
"MYL12B",2.89696009979883e-13,0.438871053434932,0.638,0.63,1.08601240221259e-08
"INPP5D",3.76905395775916e-13,0.459986997640902,0.388,0.312,1.41294294768476e-08
"ARF6",5.49465650513101e-13,0.484825907830698,0.498,0.453,2.05983683064351e-08
"CMTM6",9.00571424997129e-13,0.473108855911704,0.392,0.321,3.37606215802924e-08
"ADPGK",9.35421647179596e-13,0.488694296826113,0.269,0.193,3.50670867094687e-08
"NAPA",9.81365650700058e-13,0.515116994590954,0.252,0.181,3.67894355134438e-08
"HIF1A",1.41275973430385e-12,0.533986956005105,0.298,0.224,5.29615369195827e-08
"AIM2",1.4309295094642e-12,0.498784965825254,0.269,0.193,5.36426854507939e-08
"TANK",1.99670990317852e-12,0.533792470261265,0.294,0.222,7.48526608503565e-08
"HSPA8",2.24350595210833e-12,0.387644628974468,0.702,0.698,8.4104551132637e-08
"SP140",2.431863326756e-12,0.514967805523691,0.33,0.256,9.1165692393429e-08
"RIPOR2",3.20643386450366e-12,0.397815316161161,0.191,0.117,1.20202792712513e-07
"HNRNPF",7.22216541587675e-12,0.432035438330842,0.499,0.446,2.70744537110387e-07
"ST3GAL5",1.17510473005043e-11,0.456991452674809,0.139,0.08,4.40523261201305e-07
"C6orf62",1.46770516854604e-11,0.456682798727845,0.273,0.201,5.50213313584541e-07
"LRRFIP1",1.47950600318271e-11,0.502985961956072,0.404,0.345,5.54637210473136e-07
"PLEKHO1",1.57627114849078e-11,0.46496449734224,0.245,0.174,5.90912528146224e-07
"STAP1",1.76923272057204e-11,0.517309610345445,0.224,0.153,6.63249962288048e-07
"UNC93B1",1.92303076938129e-11,0.546822198601115,0.249,0.181,7.20905774825656e-07
"CCL3",3.13392621039942e-11,0.407084534368648,0.158,0.096,1.17484625775453e-06
"ARL6IP5",3.18118448015458e-11,0.424300768303217,0.537,0.508,1.19256243792035e-06
"ZNF267",5.62658424489217e-11,0.319318949334899,0.121,0.066,2.10929390172518e-06
"TRIM56",6.5014535106201e-11,0.4510363387498,0.225,0.156,2.43726489206126e-06
"PMAIP1",7.3592068571271e-11,0.440192661508694,0.343,0.269,2.75881946659981e-06
"TMX1",8.38180458178277e-11,0.453002129555374,0.237,0.17,3.14217090161872e-06
"PSMA4",1.14985849457327e-10,0.50491428655327,0.374,0.32,4.31058952445627e-06
"IFI27",1.52973018354706e-10,0.74455231317426,0.109,0.058,5.7346525120812e-06
"LYSMD2",1.86472712128538e-10,0.403550120299121,0.28,0.21,6.99048903227462e-06
"CCL4",2.02168638693977e-10,0.264124799048092,0.193,0.128,7.5788979273598e-06
"OFD1",2.43671540020666e-10,0.442199606308315,0.305,0.238,9.13475869229474e-06
"SIDT1-AS1",2.47959343001686e-10,0.313388902496706,0.124,0.07,9.29549985044721e-06
"CAPN2",3.36578956310509e-10,0.473012988999042,0.197,0.137,1.26176719141683e-05
"CNP",3.46998188641061e-10,0.470756915909593,0.153,0.097,1.30082680957761e-05
"DOCK8",3.63087221060441e-10,0.441641126268821,0.347,0.283,1.36114137431138e-05
"SEMA7A",5.34965842419156e-10,0.328730425153673,0.13,0.076,2.00547995006093e-05
"KPNB1",5.44002530463736e-10,0.431937752668948,0.323,0.262,2.03935668620245e-05
"TNK2",5.93521126424481e-10,0.347597537706866,0.112,0.063,2.22499199874009e-05
"SNX2",7.06075945829805e-10,0.412233463504489,0.445,0.394,2.64693750572677e-05
"LINC01781",1.01421115651971e-09,0.50182909198935,0.145,0.086,3.8020747835611e-05
"DCK",1.0165522577278e-09,0.415451329252513,0.344,0.283,3.81085110376997e-05
"ETV6",1.16849313528477e-09,0.312747264835864,0.109,0.061,4.38044706555556e-05
"ITGA4",1.19614852860892e-09,0.433937342683769,0.206,0.142,4.48412160404912e-05
"RICTOR",1.26607679349306e-09,0.418348128346218,0.232,0.167,4.74626868344678e-05
"MARCKS",1.28786364963329e-09,0.525860786178742,0.221,0.161,4.82794324974527e-05
"SNX6",1.41682738613611e-09,0.511574838206632,0.249,0.189,5.31140250514705e-05
"HSP90AB1",1.51726036657189e-09,0.300113054577298,0.727,0.705,5.68790566220471e-05
"GPR183",1.71214414926927e-09,0.433939455705452,0.397,0.334,6.41848598678063e-05
"MOB1A",1.80100769024219e-09,0.457318021153576,0.391,0.345,6.75161762917992e-05
"SUMO2",1.96649536340604e-09,0.344104542719943,0.694,0.728,7.37199781833657e-05
"RAP1B",2.00276551229907e-09,0.512856996881564,0.349,0.304,7.50796735250676e-05
"ARL6IP6",2.04877843456043e-09,0.42279023061455,0.172,0.115,7.68046059548016e-05
"GPSM3",2.20972610425396e-09,0.339153598618151,0.66,0.668,8.28382121962723e-05
"MYCBP2",3.4633450314996e-09,0.479884819558696,0.364,0.312,0.000129833878540857
"GZMB",4.09738135490969e-09,0.257962058613297,0.138,0.085,0.000153602632232855
"SRSF5",4.4783865268342e-09,0.330164439720649,0.7,0.692,0.000167885754117961
"IDS",5.75202747131244e-09,0.450548970992946,0.38,0.33,0.000215632005844561
"HNRNPA2B1",6.37923758330285e-09,0.315202842604338,0.734,0.754,0.000239144858522857
"STK17A",6.99060532460046e-09,0.356615900433769,0.554,0.507,0.000262063812408622
"CD68",7.45253794122229e-09,0.353845388312263,0.14,0.088,0.000279380742340541
"BAZ1A",7.51623798903353e-09,0.462037288112888,0.294,0.238,0.000281768729732889
"ANKRD13A",7.58099153853737e-09,0.421009126174445,0.242,0.181,0.000284196210796689
"STK17B",9.61315016788115e-09,0.372542935139182,0.519,0.496,0.000360377773493529
"ANXA2R",1.86046701631529e-08,0.440132941729079,0.178,0.123,0.000697451875076278
"PRELID1",1.86966576471317e-08,0.440401987702676,0.504,0.497,0.000700900301875673
"DAZAP2",2.43852390761581e-08,0.346659998021645,0.529,0.506,0.000914153842487014
"PRR13",2.46469591202973e-08,0.368846256779395,0.563,0.563,0.000923965203501706
"YWHAZ",2.56873386030985e-08,0.377647231360054,0.581,0.578,0.000962966949552957
"RARA",2.88367309730138e-08,0.301233506164188,0.109,0.064,0.00108103137071634
"CLECL1",3.46086980789693e-08,0.446100918708445,0.258,0.2,0.0012974108735844
"NAPSA",3.63950716799697e-08,0.494285914708747,0.133,0.082,0.0013643784471387
"ADGRE5",3.69267261963432e-08,0.400580814159726,0.234,0.176,0.00138430911164851
"CTSS",4.27718591927029e-08,0.313107246272014,0.573,0.573,0.00160343145741605
"PIK3AP1",4.58201283435851e-08,0.324097113156125,0.189,0.132,0.00171770497134432
"WIPF1",4.84551829869336e-08,0.425199000253802,0.367,0.323,0.00181648789981417
"PTPN6",5.31732066495717e-08,0.426383527672674,0.502,0.473,0.00199335717087914
"WSB1",6.04028087533757e-08,0.396281876281753,0.382,0.335,0.00226438049454655
"CCR6",6.70070510227738e-08,0.341975072020168,0.225,0.165,0.00251196032874174
"LMNB1",7.13014921861256e-08,0.326393859369093,0.105,0.063,0.00267295033907348
"SECISBP2L",9.13829601943105e-08,0.343360431099573,0.121,0.075,0.00342576441176431
"LACTB",1.01332045099647e-07,0.402451189777686,0.1,0.059,0.00379873570669558
"CYSLTR1",1.02463075482515e-07,0.423517741777388,0.205,0.152,0.00384113577368851
"ACTR3",1.10667168483219e-07,0.357631279201769,0.551,0.525,0.00414869081209893
"EIF4A2",1.12435445754973e-07,0.287529748534225,0.664,0.687,0.00421497999046244
"NFKBIA",1.13060166181537e-07,0.409116498971626,0.543,0.528,0.00423839950981345
"SERPINB9",1.13544028133129e-07,0.328892324447349,0.183,0.129,0.00425653852665472
"UTRN",1.42597127142858e-07,0.384316326391249,0.153,0.104,0.00534568110233147
"ATP5F1E",1.44500906110963e-07,0.258478484107637,0.465,0.38,0.00541704996828777
"BASP1",1.79609555775508e-07,0.367667320782357,0.376,0.324,0.00673320302691224
"THEMIS2",2.15550314775416e-07,0.467141466607374,0.202,0.154,0.00808055020030078
"ZNF92",2.24443677305945e-07,0.318555343380379,0.118,0.075,0.00841394457484527
"EMB",2.35497265613441e-07,0.466326548316332,0.273,0.226,0.00882832149331668
"RAB31",2.44613065879403e-07,0.309036985593743,0.135,0.088,0.00917005461368708
"CHD1",2.468057520288e-07,0.381132483120101,0.208,0.156,0.00925225403205565
"TCOF1",2.59102928047524e-07,0.320008818488347,0.226,0.169,0.00971325056664558
"SEMA4D",3.28482961134137e-07,0.381589569235613,0.153,0.106,0.0123141692469965
"TLR10",3.85714766252922e-07,0.385710074174209,0.291,0.24,0.0144596751572895
"CBWD5",4.00946613722643e-07,0.427589756893782,0.188,0.139,0.0150306866552344
"TCIRG1",4.07519705170874e-07,0.483954391102461,0.218,0.17,0.0152770987074457
"ERAP2",4.21159299010686e-07,0.377024023504092,0.207,0.156,0.0157884198013126
"MVP",4.41199705606381e-07,0.400430160201076,0.2,0.153,0.016539694563772
"MRPL42",4.43837757092756e-07,0.426823534418507,0.22,0.172,0.0166385898378932
"CD70",4.7444639871651e-07,0.317609917419201,0.118,0.075,0.0177860465950845
"MORF4L1",4.74626963558887e-07,0.346708696802272,0.528,0.531,0.0177928156098956
"KYNU",5.19351099422944e-07,0.268010232610769,0.15,0.1,0.0194694340151673
"IRF2",5.67380652151074e-07,0.399905962636615,0.243,0.195,0.0212699658878395
"PPP1CC",6.03839784210669e-07,0.413327291976019,0.414,0.392,0.0226367458304896
"PARP8",6.59304157071109e-07,0.252850195562126,0.11,0.069,0.0247159942402817
"NFKBIE",6.84094048582791e-07,0.324896736514032,0.144,0.098,0.0256453176932717
"FOSB",7.42375662611013e-07,0.363259597672102,0.379,0.33,0.0278301788399617
"RHOG",8.07182362995743e-07,0.380940581976628,0.37,0.338,0.0302596524239844
"TRIM38",8.47534139033774e-07,0.39910195905328,0.276,0.227,0.0317723598040981
"LBH",9.65147701637417e-07,0.342232383564837,0.342,0.294,0.0361814570389835
"ATP6V1G1",9.738133765345e-07,0.262421435235641,0.653,0.702,0.0365063158595254
"S100A4",1.02874358584838e-06,0.338642595045678,0.48,0.437,0.0385655395462839
"ECE1",1.19705968283475e-06,0.289071086818554,0.108,0.068,0.0448753733901092
"BCL2",1.20531726746032e-06,0.348144808566631,0.184,0.135,0.0451849337225526
"JMJD1C",1.30728522535335e-06,0.33538300599386,0.297,0.249,0.0490075085280464
"TMEM154",1.40763115750335e-06,0.319235396564687,0.294,0.243,0.0527692768324855
"LTA",1.64691386137797e-06,0.286771257939223,0.117,0.075,0.0617395068353374
"STAT6",2.00280757607082e-06,0.324812342759059,0.206,0.155,0.075081250411743
"AC004687.1",2.11408072273046e-06,0.28309109650537,0.129,0.085,0.0792526581337196
"CD47",2.2845964609037e-06,0.438922981013424,0.411,0.398,0.0856449521263579
"DAPP1",2.45672943041231e-06,0.360322672145895,0.231,0.183,0.0920978728872969
"BAG1",2.58570997920723e-06,0.458288130070137,0.228,0.189,0.0969330957005205
"CDKN2D",2.68798195844237e-06,0.331626179688948,0.167,0.122,0.100767067658087
"TPM4",3.16270929233409e-06,0.43102912073719,0.329,0.297,0.11856364595102
"PCBP1",3.94732410607548e-06,0.414847553606419,0.45,0.447,0.147977286088558
"GPR65",3.98637090271584e-06,0.361660359065687,0.177,0.132,0.149441072401011
"ARID1B",4.09612572341413e-06,0.306860041338867,0.164,0.118,0.153555561119349
"SKP1",4.36375022052014e-06,0.267535972932114,0.63,0.649,0.163588268266859
"CARD16",4.56393893799586e-06,0.512257898122203,0.237,0.197,0.171092942907589
"CASP4",4.89895194850762e-06,0.398059247237775,0.36,0.33,0.183651910645654
"FCHSD2",6.04822308909184e-06,0.357759627125302,0.164,0.121,0.226735787163875
"PILRB",7.00761122857828e-06,0.303609263946278,0.118,0.08,0.262701329736943
"ELMO1",7.3065394186333e-06,0.400312810175622,0.201,0.158,0.273907549725725
"C4orf3",7.37636803204656e-06,0.333751326974818,0.529,0.55,0.276525284785361
"C5orf56",7.51725812024393e-06,0.37092584694452,0.127,0.088,0.281806972411704
"POLR2J3.1",7.70268187601439e-06,0.278052004619943,0.116,0.076,0.288758138168027
"MKRN1",8.29925288010684e-06,0.420264588033057,0.239,0.201,0.311122391969445
"SRSF7",8.4298826160905e-06,0.347807362182265,0.523,0.532,0.316019439512001
"CBWD1",8.53843813964292e-06,0.331138536821656,0.159,0.118,0.320088968978934
"FAM49A",9.36406075065729e-06,0.330579099604179,0.146,0.105,0.35103990942064
"ITM2B",1.13454577000839e-05,0.388485402344755,0.561,0.6,0.425318518260745
"NABP1",1.25078665298534e-05,0.299525779317934,0.13,0.092,0.468894900471144
"RAB29",1.35702807213769e-05,0.290621898143548,0.152,0.111,0.508722683682978
"CIB1",1.45270212970024e-05,0.372320795783352,0.475,0.484,0.544588974382025
"RAN",1.49169901856707e-05,0.348873133438503,0.532,0.549,0.559208128080423
"JAK3",1.65469121376443e-05,0.291926328931249,0.136,0.097,0.620310642216011
"TRIR",1.73340479119258e-05,0.349660343933306,0.249,0.203,0.649818788122273
"JPT1",1.84518291371644e-05,0.370229602284792,0.135,0.096,0.69172217069402
"ANXA2",2.23265677243351e-05,0.465111703548034,0.299,0.272,0.836978370849875
"PPP1R18",2.46748980092706e-05,0.403087806039502,0.35,0.325,0.925012576571534
"KIAA0040",2.55745824105671e-05,0.416341874384162,0.156,0.118,0.958739945407341
"CAST",2.64498758981954e-05,0.39157500282037,0.287,0.254,0.991552947671549
"ENSA",2.76581338769066e-05,0.39542318622138,0.37,0.358,1
"RGS19",2.88269345972894e-05,0.35311733262139,0.39,0.37,1
"S100A6",3.32255291786526e-05,0.351603189533643,0.524,0.524,1
"TBK1",3.50229514304581e-05,0.276524089492208,0.1,0.068,1
"ODF2L",3.70167669797316e-05,0.344221626447127,0.17,0.131,1
"SELENOT",4.25692190451799e-05,0.405862399606525,0.211,0.171,1
"IRF8",4.86464515540261e-05,0.292363189497434,0.51,0.483,1
"RUBCN",5.11028334623998e-05,0.309199861131631,0.123,0.088,1
"PGK1",5.4495854712875e-05,0.342650818547121,0.484,0.494,1
"CDC42SE2",7.17650827016011e-05,0.367272745409565,0.317,0.29,1
"BCL2A1",7.39790621465679e-05,0.253902940820102,0.283,0.243,1
"C1GALT1",8.36626202095469e-05,0.377294396863994,0.144,0.109,1
"RP5-887A10.1",9.27023368929788e-05,0.443244800698858,0.153,0.114,1
"SERPINB6",0.000100528295550547,0.251038016390215,0.13,0.095,1
"CNBP",0.000102154057603515,0.2801790308851,0.56,0.604,1
"CARD8",0.00010722686356597,0.348073476622538,0.196,0.161,1
"CDKN1A",0.000119025263292659,0.336665395035686,0.165,0.128,1
"HNRNPU",0.000119257463290488,0.325022346755739,0.416,0.408,1
"N4BP2L2",0.000137002965269284,0.339208403670403,0.476,0.484,1
"RILPL2",0.000152588799455821,0.251458148378733,0.206,0.167,1
"COX17",0.00017400380299489,0.408522741974326,0.374,0.377,1
"VAMP8",0.000192319419558639,0.321677069612371,0.429,0.439,1
"CREM",0.000195951655443591,0.618747061446997,0.176,0.143,1
"TUBB",0.000199737886946018,0.399501934283792,0.445,0.445,1
"ZFAND6",0.000210309816320847,0.38553095036635,0.305,0.284,1
"DOCK10",0.000212380021550958,0.280741126921543,0.121,0.088,1
"NDUFB2",0.000212431570093325,0.321007476387154,0.472,0.496,1
"CALCOCO2",0.000220158947360112,0.360682767121227,0.177,0.143,1
"MBNL1",0.00024074836571885,0.316193504191006,0.33,0.305,1
"CD86",0.000242020607023713,0.382082481424264,0.17,0.136,1
"KIAA1551",0.000246775211476196,0.332376609307963,0.245,0.213,1
"FAM49B",0.000251482832029224,0.292861830423786,0.408,0.395,1
"TRIM44",0.000279318400067452,0.31046941857474,0.17,0.137,1
"SRP9",0.000282577044744149,0.306806184862774,0.41,0.414,1
"SH3BGRL",0.000292157807519652,0.262682422400801,0.498,0.515,1
"CRIP1",0.000314818700310693,0.328171684644422,0.371,0.349,1
"DDX21",0.000331427035261211,0.310228321798081,0.307,0.284,1
"SELENOH",0.000337227032960433,0.307103799012568,0.283,0.246,1
"PDLIM1",0.000361581138680365,0.291135631054632,0.372,0.35,1
"BCL11A",0.000362514457618677,0.343719761130217,0.298,0.266,1
"GUK1",0.000376189538494111,0.343679231029511,0.463,0.492,1
"TXN",0.00041347402110808,0.379969611159788,0.305,0.289,1
"RRP7A",0.000436359793268005,0.336168858695602,0.212,0.181,1
"NOP10",0.000452235992065664,0.411394311713975,0.414,0.434,1
"ADSS",0.000469630305613027,0.310378024707065,0.153,0.122,1
"PTPN7",0.000479103866507514,0.386065441037291,0.268,0.246,1
"EML4",0.000484297189082741,0.36224213101681,0.266,0.238,1
"EVI2A",0.000517105449538942,0.400728468074783,0.231,0.206,1
"VAMP5",0.000521756254866633,0.401838331460187,0.194,0.165,1
"PRKD2",0.000557179638485022,0.356900655662305,0.211,0.182,1
"APOBEC3C",0.000561106825105906,0.339570109795675,0.287,0.264,1
"PLEKHB2",0.000585821871866222,0.344228584116575,0.115,0.087,1
"ACTR2",0.000593847802398398,0.305973766739387,0.39,0.381,1
"GADD45B",0.000611262173159882,0.388558547939799,0.293,0.273,1
"PKIG",0.00062168920916541,0.353127132467998,0.31,0.283,1
"CBWD3",0.000723929336284684,0.257242634516607,0.104,0.076,1
"CFLAR",0.000730932231307333,0.391883524127578,0.286,0.271,1
"RNF19A",0.000731712616623462,0.307772552276094,0.169,0.137,1
"UBE2D1",0.000733120299243125,0.253306732794885,0.132,0.102,1
"CYCS",0.000791293866792962,0.294096043606795,0.426,0.434,1
"ILK",0.000797861818504312,0.319466591619121,0.17,0.141,1
"AKIRIN1",0.00093214443449836,0.33542741938495,0.179,0.152,1
"RHOA",0.000961168216204635,0.267766255447662,0.59,0.638,1
"CYLD",0.000977886125444323,0.325798338110177,0.179,0.15,1
"VASP",0.000990472581420248,0.329487784959709,0.376,0.368,1
"PTP4A1",0.000999078197612602,0.291723163463647,0.187,0.157,1
"NAMPT",0.00105257618858188,0.318117252647001,0.147,0.119,1
"SMG1",0.00105568291901984,0.259354667409697,0.17,0.139,1
"PIP4K2A",0.00105867909000626,0.25804388878618,0.203,0.173,1
"KANSL1",0.00108237400679227,0.295209637961122,0.132,0.103,1
"R3HDM4",0.00108836378306756,0.264067232987181,0.227,0.2,1
"YWHAQ",0.00113976409436897,0.308870245661604,0.356,0.349,1
"LNPEP",0.00114335739064619,0.262213938361057,0.2,0.171,1
"SCAF11",0.0012003503664408,0.321662085717321,0.361,0.352,1
"LGALS1",0.0013385240667298,0.281168759045788,0.367,0.339,1
"SCIMP",0.00137264769538966,0.363275432002248,0.236,0.207,1
"CCNL1",0.00138701683163824,0.368692474138848,0.413,0.423,1
"HCST",0.00142614113444427,0.346642880048507,0.327,0.312,1
"CLEC2D",0.00145895132013062,0.402778114669533,0.346,0.335,1
"CNDP2",0.00157623808528984,0.372354886459872,0.243,0.222,1
"RAD9A",0.00157913177106517,0.330275107659031,0.133,0.106,1
"SETX",0.00160343311899978,0.264900701577621,0.175,0.144,1
"THUMPD1",0.00165511030683671,0.266385085315543,0.145,0.117,1
"BLNK",0.00171105261575985,0.302123140904481,0.341,0.326,1
"FUS",0.00176791755957654,0.271899376544597,0.492,0.513,1
"SELENOF",0.00177246289813441,0.300869147297472,0.212,0.183,1
"NR4A2",0.00192746776833096,0.350470415774121,0.197,0.167,1
"CREBRF",0.00194024969284603,0.315428772107498,0.15,0.122,1
"UVRAG",0.00195959661377956,0.278702846843428,0.177,0.149,1
"RSRP1",0.00196183946398305,0.25713442600758,0.415,0.416,1
"LITAF",0.00196817300376916,0.291942786127622,0.361,0.35,1
"MED10",0.00214979904845351,0.295794287619424,0.315,0.303,1
"CXXC1",0.00219230474076094,0.333707097234582,0.148,0.122,1
"RBMX",0.002643625078999,0.315485718366184,0.415,0.425,1
"BRD4",0.00303391213283333,0.28046418453375,0.197,0.173,1
"TRAC",0.00306916384728704,0.350134212259227,0.328,0.312,1
"ATP5MPL",0.00309263014104454,0.282056028437772,0.245,0.218,1
"UBE2L3",0.00315414989783253,0.296017662746209,0.347,0.348,1
"TARS",0.00316545981651924,0.283602245220373,0.1,0.078,1
"RASGRP3",0.0031758878711333,0.356993462213655,0.221,0.199,1
"LYL1",0.00318784396545224,0.329794235273292,0.28,0.263,1
"ANXA6",0.00322310398867257,0.314369543526251,0.441,0.453,1
"RNPS1",0.00324122392733458,0.283531816000886,0.371,0.377,1
"FBXO7",0.0033034188440237,0.355591390280125,0.213,0.191,1
"SASH3",0.00336758398285061,0.321223303443578,0.266,0.247,1
"TRADD",0.00341638547293627,0.396230330042694,0.208,0.19,1
"LPIN1",0.00360697625111917,0.278462912447486,0.177,0.152,1
"LYN",0.00397298666031421,0.267541749265699,0.272,0.254,1
"PCM1",0.00397304562107375,0.373759231276505,0.203,0.181,1
"STK4",0.00409352226691186,0.301199413828228,0.422,0.433,1
"ATP5MF",0.00464683595403484,0.258416279836104,0.222,0.196,1
"PTPN1",0.0047495563685997,0.3094053258292,0.23,0.21,1
"TMEM50A",0.00483879344926629,0.348079654886227,0.306,0.307,1
"GTF2E2",0.00504490020070189,0.308771646619602,0.154,0.132,1
"ZNF791",0.00536516993597417,0.323463012619266,0.228,0.208,1
"SLC39A3",0.0056025765669362,0.251782405878344,0.128,0.105,1
"PSMB3",0.00615354200204447,0.296522724892402,0.408,0.43,1
"EIF1AX",0.00655596657898534,0.331211001728495,0.297,0.294,1
"MYO1F",0.0068576804978185,0.250776457075115,0.146,0.122,1
"TLE3",0.00717817671275052,0.274423391142785,0.165,0.143,1
"ADAM28",0.00721405283142763,0.274612325241386,0.382,0.373,1
"MAX",0.00732822227404715,0.279123603827416,0.203,0.183,1
"AC103591.3",0.00768396773407739,0.339129940597213,0.106,0.083,1
"PYCARD",0.00796176869231535,0.362951449237862,0.282,0.278,1
"ADAM17",0.00801136322605884,0.283502124040437,0.115,0.093,1
"BBX",0.00809512539678325,0.272686755100851,0.257,0.24,1
"EMP3",0.00859838759096326,0.346700854141735,0.459,0.494,1
"NUDT4",0.00874995167500629,0.291328818990454,0.178,0.158,1
"IL2RG",0.0094168940548038,0.278806429471396,0.371,0.376,1
"KARS",0.0103992958402144,0.323902458317656,0.231,0.219,1
"CSNK1A1",0.0116332374401269,0.319061268938559,0.282,0.277,1
"IFRD1",0.0120956570239156,0.28988940734563,0.178,0.157,1
"CYBC1",0.012993491605058,0.258804651811933,0.157,0.135,1
"MYLIP",0.0138030194548815,0.344078943136058,0.171,0.15,1
"TSC22D4",0.0139630966392631,0.313767560497268,0.26,0.25,1
"RARRES3",0.0145580264856584,0.269775875007254,0.203,0.185,1
"RAB11FIP1",0.0149445634332923,0.259856212634687,0.171,0.149,1
"TTC17",0.0150138971502023,0.316616172225336,0.158,0.14,1
"DEGS1",0.0151202761227588,0.298858294908563,0.208,0.194,1
"BRD2",0.0156314013117549,0.361320831009757,0.281,0.28,1
"POMP",0.0164424816376496,0.296243125978738,0.426,0.452,1
"PDE4B",0.017023940891142,0.266088405716578,0.239,0.225,1
"AIDA",0.0174740166648428,0.339594891380431,0.173,0.155,1
"ATP5F1D",0.0176716852676602,0.299468049489017,0.258,0.241,1
"ABI1",0.0178412313531737,0.311164625626199,0.205,0.192,1
"ATP5PB",0.0218993834481164,0.275686159990716,0.173,0.154,1
"GADD45GIP1",0.0223807986093186,0.363573839913356,0.33,0.355,1
"PHF1",0.0228587689559117,0.276003226105803,0.205,0.19,1
"ID3",0.0238563010250942,0.321172896748477,0.234,0.219,1
"ATP2B1-AS1",0.0242070137630483,0.257510169081924,0.1,0.081,1
"OARD1",0.0248054747179075,0.291926682085248,0.175,0.16,1
"RTRAF",0.0251381379653177,0.287964290750535,0.181,0.163,1
"PNRC2",0.0254885013867253,0.31534912511547,0.263,0.258,1
"ATP5F1B",0.0273492895175495,0.267151946946532,0.197,0.179,1
"SNRPG",0.0282548572595408,0.289432685932212,0.42,0.449,1
"CYTIP",0.0285938377064334,0.307190841619393,0.429,0.466,1
"RBM22",0.0294986557204303,0.279613982830961,0.142,0.126,1
"SFT2D1",0.0324039556329023,0.332630329172191,0.31,0.32,1
"PSMA3-AS1",0.0337004222389926,0.269425712575815,0.24,0.229,1
"SET",0.0370091389443309,0.25882009336004,0.432,0.462,1
"PSMA5",0.0370240754953705,0.322548036560833,0.26,0.264,1
"CGGBP1",0.0382322426250345,0.315606872128824,0.184,0.173,1
"NMT1",0.0390752130522616,0.290035906335015,0.167,0.155,1
"RAB8A",0.0417667085720876,0.358618794166437,0.249,0.251,1
"SOCS3",0.0425467943084028,0.253017737587904,0.139,0.123,1
"STAT3",0.0448412071326939,0.312330262760561,0.234,0.229,1
"RABEP2",0.0465482852069182,0.254045659699459,0.178,0.166,1
"LMO4",0.0472027691263458,0.337842432931358,0.188,0.179,1
"TRA2B",0.0491829174797772,0.259101294357305,0.415,0.445,1
"C19orf53",0.0508697309141529,0.271181189583221,0.481,0.539,1
"MIR155HG",0.0523695601396332,0.301753779900003,0.122,0.107,1
"RHOB",0.0575048853936224,0.258348828991312,0.194,0.181,1
"PRRC2C",0.0575475307727383,0.254762689116408,0.389,0.411,1
"IKZF3",0.0587956878812781,0.29835484758219,0.234,0.227,1
"CLK1",0.0596944364217281,0.25636715488556,0.303,0.307,1
"EIF4E",0.0657204516767984,0.312304250182958,0.214,0.212,1
"PSMA2",0.0682249685885207,0.332718749400124,0.318,0.334,1
"UPF2",0.0699954719170978,0.276731312033878,0.281,0.287,1
"MTRNR2L12",0.0743739262310718,0.444068934568823,0.285,0.339,1
"PYURF",0.0746213685877165,0.288950020214791,0.3,0.312,1
"FAM107B",0.0755818787805197,0.309412750238935,0.275,0.279,1
"CDC42EP3",0.0802168195473286,0.265597484558483,0.123,0.11,1
"SRRM2",0.0855660765152382,0.262919670179174,0.333,0.348,1
"AKAP13",0.0891809935969024,0.290983294395633,0.288,0.294,1
"ATG12",0.0894134417519642,0.28007444093009,0.214,0.211,1
"STT3B",0.096632073853041,0.319156825170956,0.166,0.16,1
"LY96",0.0973984433761174,0.316665421855416,0.203,0.202,1
"NASP",0.101099012680225,0.263709799517831,0.225,0.223,1
"FCGR2B",0.101327614357521,0.320539007521568,0.24,0.246,1
"FNTA",0.1016089236096,0.267091697879488,0.172,0.166,1
"RBX1",0.102248958108569,0.296074353054698,0.394,0.434,1
"SRSF11",0.1122664275729,0.263792380216515,0.328,0.343,1
"RNH1",0.115365374244017,0.289697151595656,0.292,0.306,1
"SPPL2A",0.11778264736059,0.255848988663445,0.142,0.133,1
"FMNL1",0.119108280285649,0.260318639173142,0.245,0.246,1
"OCIAD2",0.125622000135927,0.272546617169743,0.337,0.364,1
"OPTN",0.127032982310329,0.252033027690943,0.115,0.106,1
"SARS",0.133640845383535,0.273375664114891,0.209,0.21,1
"MAT2B",0.137278986975796,0.266006917671097,0.211,0.208,1
"ARL14EP",0.145400195394713,0.26443919362178,0.152,0.146,1
"NT5C",0.156002589656469,0.258121657773512,0.289,0.296,1
"SEPT2",0.161317942747038,0.312333881709385,0.225,0.23,1
"RNMT",0.17146177165499,0.269494591982377,0.189,0.185,1
"TNRC6B",0.17147857856901,0.255416046129107,0.316,0.329,1
"SZRD1",0.179087490451903,0.265223044912889,0.161,0.158,1
"SERPINB1",0.181340410235117,0.260165533766351,0.266,0.277,1
"TGFB1",0.183134712420869,0.270511466395001,0.232,0.237,1
"RAB10",0.187148487286001,0.273208955367841,0.171,0.17,1
"MTRNR2L8",0.187616156820694,0.328430988339511,0.232,0.268,1
"FAM192A",0.191761142683118,0.260012031599601,0.145,0.139,1
"PDCD10",0.197188662074118,0.250699130683063,0.203,0.205,1
"DDX17",0.217151824857191,0.297435447065548,0.356,0.39,1
"LPXN",0.22428998148078,0.258229432428286,0.236,0.244,1
"YWHAH",0.229204057450024,0.260535539816762,0.172,0.171,1
"SCAMP2",0.253836891476332,0.267307733547496,0.227,0.237,1
"AKIRIN2",0.255435802731932,0.254709889192283,0.197,0.201,1
"PHPT1",0.256938389419421,0.306097791826105,0.248,0.265,1
"IDH2",0.27660503292887,0.299615340299959,0.242,0.257,1
"SHISA5",0.31115559008344,0.258632810536859,0.236,0.247,1
"PSMA3",0.323692292499477,0.322873279025478,0.218,0.23,1
"SERTAD1",0.365928342168176,0.268323346770059,0.13,0.127,1
"USP48",0.366360074776416,0.26429698010481,0.117,0.139,1
"YWHAE",0.37495258612517,0.25525467800678,0.246,0.265,1
"BTN3A2",0.38834103828621,0.262921799776387,0.178,0.182,1
"GLRX",0.391114533641469,0.278007151293706,0.264,0.285,1
"ZDHHC12",0.394086215254309,0.264206007141224,0.163,0.167,1
"DNAJB6",0.394433839064064,0.252590820529184,0.237,0.252,1
"PFDN2",0.415767478369399,0.28338838840472,0.239,0.257,1
"SF3B2",0.415960454308618,0.269498578160295,0.333,0.372,1
"EWSR1",0.479703781161853,0.253943907697621,0.276,0.302,1
"HOPX",0.490013078962422,0.323362458987432,0.165,0.166,1
"RER1",0.504739289714679,0.262113033805846,0.255,0.278,1
"VMP1",0.508373020553138,0.293108845591163,0.181,0.191,1
"RHEB",0.539099662925498,0.259536780473126,0.184,0.195,1
"UBE2V2",0.627335563820825,0.283947200641012,0.167,0.177,1
"DECR1",0.744276193698018,0.267377885354669,0.163,0.185,1
"REEP5",0.780169606244124,0.252112795564302,0.359,0.417,1
"NCF4",0.815278273651417,0.27155572562669,0.26,0.29,1
"CEBPB",0.875655814310814,0.257459149741908,0.136,0.146,1
"TRAM1",0.918148725684496,0.275475867948708,0.3,0.348,1
"TCP1",0.939790470266997,0.279328418066859,0.205,0.227,1
"PPP4C",0.941518031743803,0.250024954877522,0.266,0.302,1
"TM9SF2",0.977948625165833,0.252844369671419,0.175,0.194,1
