,V1,V2,V3,V4,V5,V6,V7,V8,V9,V10,V11,V12,V13
cluster,MZB-1,MZB-2,GCB,PB,Plasmablast,DN,Naive,TS,AcB1,AcB2,AcB3,IgM-only,Memory
1,CD1C,FCRL4,SLC2A5,SRM,MZB1,TNFRSF25,CD52,CD52,ISG15,JUN,HSPA1A,FGR,RPL11
2,CD69,CCR1,CAPZB,DDOST,FKBP11,LCK,CHI3L2,TXNIP,IFI6,DUSP2,HSPA1B,IGKV3D-20,RPS8
3,LINC01857,ZBED2,STMN1,C1QA,DERL3,CD2,PHACTR1,RPS27,IFI44L,EGR1,DNAJB1,PPP1R14A,RP5-887A10.1
4,GNG11,OSTN-AS1,HMGN2,ZNF593,IGHM,CD247,HLA-DRA,RPS27A,CMPK2,CD69,CXCL8,ARL4D,RPS27
5,RPL41,ACTB,ATPIF1,IFI6,SDF2L1,AAK1,HLA-DRB1,TMSB10,RSAD2,NFKBIA,HSPH1,EEF1A1,RPS27A
6,RPS3,TMSB4X,LAPTM5,HYI,JCHAIN,CD8A,HLA-DQA1,RPL31,PLSCR1,IER2,IL1B,RPL41,RPL32
7,DUSP1,GPR34,SERINC2,TMEM59,MANF,CD8B,HLA-DQB1,RPL37A,HERC5,FOSB,HSPB1,RPL17,RPL14
8,RPL30,DUSP4,PTP4A2,GADD45A,XBP1,MAL,HLA-DPA1,RPL32,LY6E,PPP1R15A,HSP90AA1,CRIP1,RPL35A
9,CD24,GAPDH,CCDC28B,S100A11,SEC11C,ZAP70,CD72,RPL15,IFITM1,JUNB,SERPINH1,RPS15A,RPL9
10,RPS28,TESC,LCK,S100A9,NUCB2,CD28,BTG1,RPSA,IFIT2,KLF6,HSPA6,MT-ND3,RPL34
11,CXCR4,TNFSF11,HDAC1,S100A8,PRDM1,ICOS,HVCN1,RPL29,IFIT3,DUSP1,DNAJB4,HCK,RPS14
12,RPS23,CTSH,MARCKSL1,KCNN3,CHPF,ARL4C,TCL1A,RPL35A,IFIT1,FOS,CACYBP,RPS28,HLA-A
13,RPL11,PFN1,RBBP4,KRTCAP2,PRDX4,TRAT1,IGHD,RPL9,EPSTI1,ZFP36,FAM46A,MACROD2,HLA-B
14,GPR183,ACTG1,PRDX1,SLAMF7,SSR4,TIGIT,CD79B,RPL34,USP18,NR4A2,HSPE1,FXYD1,RPS18
15,B2M,MYL9,RP11-191G24.1,FCER1G,GMPPB,LEF1,FCER2,RPS3A,MX1,TSC22D3,HSPD1,RPS21,EEF1A1
16,H3F3B,ACP5,ACADM,UAP1,TXNDC11,INPP4B,RPL18A,RPL37,MX2,BCL2A1,DNAJA1,RPL37,RPS12
17,KLF6,CAPG,HS2ST1,TOR3A,TNFRSF17,IL7R,RPS19,RPS23,B2M,EIF1,CXCL1,RPL14,TOMM7
18,FTH1,HCK,MTF2,PDIA6,HSP90B1,FYB,RPS9,RPS10,OAS3,NR4A1,HSP90AB1,RPL11,RPL39
19,VPREB3,HLA-DPB1,BCAR3,SDC1,SLAMF7,TMEM173,RPS5,RPL10A,STAT1,CH17-373J23.1,DNAJA4,RPS3,RPL30
20,FAU,HLA-DPA1,LAMTOR5,PREB,FKBP2,ITK,RPL12,RPS4X,IRF7,H3F3B,S100A9,RPS14,RPLP2
21,RPS18,RAB31,CD53,ERLEC1,PDIA4,LCP2,CD79A,RPL36A,EIF2AK2,KDM6B,G0S2,MT-CYB,RPL27A
22,RPS8,ARPC2,ATP5F1,MTHFD2,TRIB1,FYN,TMSB4X,RPL39,ISG20,NFKBID,ZNF90,TUBB6,MALAT1
23,RPL3,GSN,CAPZA1,GNLY,CRELD2,TNFAIP3,CD74,RPL10,SAMD9L,CD83,CD83,MTSS1,RPS3
24,RPL14,ENTPD1,RP11-126K1.6,LINC00152,SLC35B1,TRBC1,CD69,RPL7,OAS1,JUND,TCL1A,RPL12,RPS25
25,CD83,TNFRSF13B,SEMA4A,IGKC,MYDGF,GIMAP7,C1orf162,RPL8,IFITM2,B2M,S100A8,RPL10,RPL41
26,TNFRSF13B,HLA-DQA1,FCRLA,IGKV1-12,ANKRD28,GIMAP4,RPSA,RPS6,TNFSF10,UBC,FKBP4,EMP3,RPS29
27,RPL19,MS4A1,PRDX6,IGKV4-1,HM13,GIMAP1,RPL13,RPL35,IFI44,EGR2,HSPA8,S100A6,B2M
28,ABI3,CLECL1,RGS16,IGKV1-5,DNAJC3,ITM2A,RPL15,RPL12,XAF1,TUBA1A,NBEAL1,RPS12,RPLP1
29,JUNB,CLIC1,ARPC5,IGKV3-11,TXNDC15,SH2D1A,ACTB,RPLP2,GBP1,IER5,RPL37A,RPS27,RPS15A
30,RPL7A,CCDC50,RGS13,IGKV3-15,IFI27L1,CD40LG,CXCR4,RPS13,TRIM22,KLF2,CHORDC1,RPL19,TNFRSF13B
31,ARHGAP24,HLA-DQB1,LYPLAL1,IGKV3-20,SSR3,LEPROTL1,RPL26,YBX3,PSMB9,TNF,LNPEP,RPL39,RPL38
32,RPL36,CD99,BPNT1,IGKV1-39,LMAN1,LINC00861,VPREB3,BTG1,TYMP,DDX5,FCER2,SEMA4B,RPS21
33,EEF1A1,C12orf75,LBR,MIR4435-2HG,PYCR1,ANXA1,RPL35,RPL21,BST2,PNRC1,CHI3L2,PPDPF,RPL36
34,NR4A2,MIR155HG,H3F3A,ITGA6,HSPA5,CD6,CD83,TCL1A,NEXN,CTD-3252C9.4,EBLN3,EEF2,RPS28
35,RPS21,GPR82,PARP1,PDK1,HERPUD1,CD5,HLA-DPB1,IGHD,UBE2L6,CXCR4,IL4R,FTL,RPL27
36,PFDN5,CALM2,ODC1,CHPF,SEC61A1,CD3E,RPL34,IGHM,OASL,MCL1,GGA2,RPL3,RPS23
37,RPS4Y1,SH3BGRL3,MIR3681HG,ITM2C,SLC38A5,CD3D,SPRY1,LINC00926,MT2A,SERTAD1,TAF1A,AES,HLA-E
38,RACK1,FTH1,RASGRP3,HDLBP,RRBP1,CD3G,RPS3A,RPS17,HLA-A,CSRNP1,RPL37,CDKN2D,RPS6
39,RPS15A,ARPC5,QPCT,SEC13,SPCS3,GATA3,CD22,IL4R,PARP9,HLA-DQB1,IER5,RPS3A,RPL23A
40,NAPSA,CFL1,MTA3,ANKRD28,SIL1,SRGN,RPL10A,RPL13,HLA-B,TNFRSF13B,AHSA1,MT-ND1,RPL13A
41,RGS2,HCST,EML6,GMPPB,DNAJC1,SPOCK2,RPL10,RPL26,NT5C3A,ZFP36L1,TSC22D1,RPL13,RPL13
42,RPL8,LSP1,CCDC88A,MANF,HIST1H1C,CD4,TMSB10,RPL23A,MYL12A,HLA-E,RPS20,RPS4X,RPL31
43,TSC22D3,CCR6,AC074289.1,SPCS1,CD38,KLRB1,RPLP0,RPL27,MNDA,YPEL5,UBB,MT-ND4,AIM2
44,HLA-E,COTL1,SPRED2,ARF4,ALG5,TRAC,RPS27A,RPL38,OAS2,ZBTB10,ATP5E,PCDH9,HLA-DRA
45,RPL28,S100A11,LIMS1,SEC61A1,HDLBP,PRKCH,NCF1,RPL17,DDX60,RP11-160E2.6,RPL38,RPL36A,RPS20
46,SMIM14,RGS1,RANBP2,RPN1,MEI1,TC2N,HLA-DRB5,FCER2,RNF213,HLA-A,CXCL3,MT-CO2,RPL21
47,RPS12,ITGAX,ACTR3,H1FX,ERLEC1,BCL11B,RPL7,RPL18A,PPM1K,PMAIP1,RPS17,RPL36,RPL19
48,CD37,CD82,DBI,SRPRB,CREB3L2,IL32,HLA-DMB,UBA52,CXCL10,DDX3X,DEDD2,RPL4,RPS7
49,MT-ATP6,CD86,IMP4,SSR3,HIST1H2BC,LAT,HLA-DMA,RPS16,HELZ2,TCOF1,RPS11,RPL9,CLECL1
50,RAC2,HLA-DRA,PTPN18,FNDC3B,CCPG1,MAF,MS4A1,RPS19,HLA-E,BTG2,GLTSCR2,RPL30,RPS16
51,RPS13,RAC2,DHRS9,DNAJB11,CKAP4,SLFN5,RPL3,RPL18,SAT1,HLA-DRB5,IFI44L,RPL23A,RPL3
52,MT-ND3,SCPEP1,CDCA7,CD38,CCDC88A,CD7,MEF2C,CD37,TAP1,CYCS,HLA-DMB,JUNB,RPS3A
53,ZFP36,SEMA7A,ATP5G3,JCHAIN,CALU,SIRPG,RPS17,RPL13A,GBP4,SAT1,GCNT1,RPL6,MT-CYB
54,ZFP36L1,CD19,DNAJC10,RASSF6,IGLV6-57,CST7,RPS6,RPS11,SAMD9,HLA-DRA,CCL3,MPP6,RPS15
55,RPL5,MYL12A,AC079767.4,CXCL8,HYOU1,GZMM,RPS8,RPS9,DRAP1,RP1-313I6.12,RPL28,RPL13A,EEF1B2
56,MT-CO2,CAPZB,ARPC2,CXCL13,KDELR2,HCST,FOS,RPS5,NMI,ADGRE5,NACA2,RPL8,RPL37
57,ATP5MC2,NCR3,MTMR14,CISD2,GMPPA,IL2RB,LAIR1,RPL3,TMSB4X,MT-CO1,XAF1,RPS13,HLA-DPA1
58,RGS19,B2M,OGG1,OSTC,CHST2,FYB1,RPS23,MT-ND2,C19orf66,LDLRAD4,AC090498.1,MT-CO3,BANK1
59,TOMM7,FCRL5,CAMK1,SPCS3,SEC61B,SH2D2A,ABCB4,MT-ND3,DHX58,GPR183,RP11-255M2.3,CD52,HLA-DPB1
60,MTRNR2L8,HOPX,ARPC4,CLPTM1L,MIR4435-2HG,RARRES3,LYL1,RPL11,IFI35,CCNL1,STAG3,RPS8,TPT1
61,HLA-A,RUNX3,BRK1,SUB1,HSD17B8,RORA,RPS4Y1,FAM26F,DDX60L,HLA-DQA1,CD200,MT-ND2,LINC01781
62,NCF1,ATP6V0E1,VGLL4,GZMA,RPN1,OXNAD1,MARCKSL1,EEF1A1,CACNA1A,YWHAZ,MYLIP,PLAC8,CD24
63,SLC2A3,PKIG,RFTN1,GLRX,SRPRB,GZMK,CORO1A,FAM129C,RABGAP1L,BTG1,DDIT3,RPS15,MS4A1
64,EEF1B2,MYL6,CAMP,ELL2,DNAJB9,TBC1D4,RPL31,RPS15,IFI16,CD74,PLAUR,RPS29,MT-CO3
65,ZFP36L2,PTPN1,RBM6,FAM174A,P4HB,FLT3LG,TSPAN13,RPL22,HERC6,NFKBIZ,GADD45B,RPS16,RPL22
66,RPL29,FUT7,PRKCD,UQCRQ,ARSA,CTSW,RPL23,CXCR4,HLA-C,HSPA8,RPL31,RPL18,ITGB1
67,CD44,VIM,TKT,SAR1B,ZBP1,NKG7,RPL18,MT-ND4,PARP14,NEAT1,MALAT1,RPL27,PFDN5
68,CR2,OAZ1,C3orf67,TXNDC15,HIST1H2BG,ID2,RPS27,NBEAL1,IFIT5,CLECL1,CD48,RPS25,HLA-C
69,BANK1,SUB1,LINC00877,SIL1,PDXK,CAMK4,RPS18,RPS8,DDX58,MALAT1,RP11-231C14.7,RPLP2,MT-ND2
70,PPP1R15A,PLD4,GCSAM,MZB1,GUSB,GPR171,RPL32,RPL5,SELL,LMNA,CLK1,SLC25A6,UBC
71,CD19,MYO1F,HMCES,ATOX1,SELENOS,CTLA4,RPL29,RPS21,TMSB10,CD44,CD79B,RPS7,RPS13
72,SMARCB1,LIMK1,MBD4,CPEB4,ITM2C,GIMAP6,HNRNPA1,RPS2,PSME2,IDS,CWF19L2,RPL29,UBA52
73,FCRL2,DOK1,BFSP2,LMAN2,UAP1,JAML,COL19A1,PLPP5,PSME1,RSRP1,ATP5G2,RPS27A,RPL5
74,LINC01781,CMTM6,SELT,TMED9,PPIB,LINC01550,FCMR,RPS29,IFIH1,HSP90AB1,MRPL18,RPL34,TXNIP
75,SIDT1,ARPC3,SIAH2,LTC4S,SEC24D,CCL5,RPL9,RPL30,SP110,YME1L1,MUM1,RPS24,SCIMP
76,RALGPS2,HLA-DRB1,MED12L,MGAT1,KCNN3,GZMA,RPL39,RPL4,SLFN5,GADD45B,PMAIP1,EEF1B2,MT-ND1
77,NACA,GPR137B,IGSF10,IRF4,KDELR1,S100A4,RPS2,RPS24,ADAR,TUBB4B,NHSL2,TOMM7,HSPA8
78,TGIF1,GRN,MME,SSR1,TMEM208,IPCEF1,RPL37,RPS25,XIST,ATF3,HLA-DQA1,RPL18A,LTB
79,RIC3,MOB1A,GPR160,HIST1H1C,DNAJB11,TRBC2,FOXP1,RPS15A,LAP3,HLA-C,TPT1,MT-CO1,COCH
80,ACP5,TPI1,KLHL6,HIST1H2BG,SPCS2,MT2A,RP11-231C14.7,RPL19,HAPLN3,HLA-DPA1,GNB2L1,PRKCB,MT-CO1
81,ZFAS1,MX1,BCL6,IER3,LINC01480,GBP2,RPL23A,FOXP1,CHST12,SRSF7,CD72,RGS2,LY86
82,PSMB9,SEMA4D,RP11-132N15.3,NEU1,SLC39A7,THEMIS,RPL37A,PCDH9,IFITM3,REL,RPL23,CSGALNACT1,RPL36A
83,ATP5F1E,THEMIS2,LPP,HSD17B8,TXNDC5,CD96,CR2,RPL23,PLAC8,ZFP36L2,KIAA0922,NR4A2,RPS11
84,SAT1,ADAM8,ATP5I,CDKN1A,PLD3,CXCR6,CD200,RPS3,CD48,ACTB,KCNG1,MT-ATP6,CD27
85,FADS3,SYNGR1,SLBP,CCDC167,SEL1L,LPAR6,RPL35A,RP11-255M2.3,CD164,AREG,MOB3C,FAU,RPSA
86,FXYD5,ARL6IP5,WDR1,UBE2J1,ARFGAP3,PDE3B,SELL,GABPB1-AS1,CHMP5,AC020916.1,IL1RN,TNFRSF1B,CD82
87,RNASET2,ZYX,CD38,MANEA,LMAN2,SELPLG,RPS12,RPL27A,FBXO6,IRF8,NFKBIE,RPL35A,MT-ND4
88,IDS,IFI30,SEL1L3,PRDM1,IFNAR2,RNF125,FAM129C,CD79B,UBC,CMTM6,IFI16,RPL38,RPL4
89,LY86,IFNGR1,SMIM20,MAN1A1,CISD2,SKAP1,RPL5,C1orf162,PTMA,RHOB,FAM159A,P2RX5,SELL
90,CD74,CD74,RFC1,CITED2,RPN2,PRF1,CD19,EEF1D,STAT2,CD82,C11orf31,RPS18,MT-ND3
91,MTRNR2L12,VOPP1,SMIM14,FUCA2,SPCS1,FOXP3,RPS10,FAU,TLR7,KMT2E-AS1,CCL20,RPL32,VIM
92,FCRLA,TPM4,UCHL1,MPC1,ELL2,DOK2,CD37,MT-CO3,TNFRSF13B,ITGB1,RPL36A,AHNAK,CAPG
93,PLD4,GSTK1,SPINK2,KDELR2,PDIA5,RGL4,EVL,RPS12,SUB1,MEPCE,PLEKHA2,UBA52,EVI2B
94,CHI3L2,LAPTM5,KIAA0922,SEC61G,CD63,STAT4,ZFP36L1,RPL6,HSH2D,CRIP1,QSOX2,RPL7A,MYL12A
95,HIST1H4C,IL18BP,OTULIN,DNAJB9,SPATS2,SAMD3,C11orf31,RPL36,CD69,TNFAIP3,IGHE,ZEB2,RPS2
96,SARAF,PARP15,BASP1,CAV1,IGLV3-1,SLA,RPS11,EEF2,HLA-DPA1,RP11-386I14.4,STK17A,RPS6,ADAM28
97,PPP1R14B,LCP1,LHFPL2,CALU,TMED10,HNRNPLL,SARAF,AES,ATP6V0E1,ARL4A,C19orf43,TLE1,HSPA1B
98,QRSL1,TFEB,SSBP2,CREB3L2,PIM2,SPN,CYB561A3,RPS20,MRPL44,SRGN,SESN1,RPL5,SLC25A6
99,TCF4,HLA-DMA,ZNF608,PDIA4,RABAC1,PDCD1,GAPT,GLTSCR2,S100A11,IFRD1,PIK3IP1,RPL37A,BLK
100,SRSF5,ZEB2,PPP2CA,PRDX4,PREB,MLLT3,RP11-693J15.5,ZNF90,CLIC1,MARCKS,CAMK2D,RPS11,COMMD6
101,PAXX,ARPC1B,H2AFY,TIMP1,ARF4,TCF7,GLTSCR2,RCSD1,PNPT1,COCH,TCP1,LINC00926,COTL1
102,FOSB,CORO1A,CCDC69,SLC38A5,CCR10,LAG3,HLA-DQA2,RP11-164H13.1,APOL6,SKIL,WHSC1L1,UCP2,CD99
103,NOP53,UQCRH,PTTG1,PIM2,GSTP1,TNFRSF4,STK17A,RPL7A,IRF9,DNAJA1,HIST1H2BD,RPL27A,CD74
104,SYPL1,SCIMP,NPM1,SSR4,LINC00152,SYTL3,ABRACL,PFDN5,H3F3B,CDKN1A,ARRDC2,BLK,KLF6
105,SELENOH,BHLHE41,GMDS,PLPP5,HIST2H2BE,DUSP4,PLAC8,YBX1,TNFSF13B,MS4A1,SOD2,ISCU,ARL6IP5
106,CIB1,ZBTB32,TUBB2A,GGH,ICAM2,SAMHD1,LINC00926,RPS28,PML,RP5-887A10.1,UGT8,RPS10,HSPA1A
107,BTG1,ITGB2,TUBB2B,TRAM1,B9D1,B2M,EEF1B2,MT-ND1,TMEM123,TRA2A,HYPK,RPS23,TEX9
108,PCBP2,CLIP2,RNF144B,LY96,OSTC,IFITM1,TUBA1B,PRKCB,FTH1,TMEM107,MARCKSL1,ZNF90,SSPN
109,MTRNR2L1,TRABD,HLA-DMB,TP53INP1,SAR1B,S100A6,HNRNPK,BIRC3,WARS,CD99,HES1,NACA,RNASET2
110,FCMR,HLA-E,HMGA1,ZNF706,REXO2,CXCR3,ANXA6,LTB,CALM2,RNU12,FCRL1,B4GALT1,MT-ATP6
111,SAMSN1,PREX1,SRSF3,DERL1,TRAM1,ITM2B,IFITM2,MT-CYB,RAC2,VIM,MB21D1,AC004687.1,RPL7
112,SIGLEC10,PLGRKT,UBE2J1,TRIB1,TMED9,GALM,RHOH,GNB2L1,ETV7,PPP1R15B,FNIP1,TPT1,ARHGAP24
113,PDE4B,PYCARD,BACH2,PTP4A3,AC012236.1,SLA2,SNX2,TLE1,ELF1,SCIMP,SPRY1,RPL26,RPS10
114,CCDC50,EBI3,VNN2,AQP3,SRGN,RGS10,ARHGDIB,RP11-166O4.6,ZBP1,SRSF5,RPLP2,RIN3,CD48
115,MT-ND4L,SLC4A7,EZR,NANS,NANS,PYHIN1,IFNGR1,BCL7A,PI4K2B,MIDN,OAS3,NBEAL1,RPL23
116,HSP90AB1,POU2F2,ACTB,SEC61B,LINC02362,GRAP2,APLP2,APLP2,KLF6,DDX21,SHFM1,CIB1,NCR3
117,CLECL1,CD68,RAPGEF5,TXN,SEC13,PHLDA1,CD1C,FCRL1,ACTB,HSP90AA1,ZCCHC7,SH3BGRL3,SMIM14
118,DRAM2,HLA-A,CCDC126,HSPA5,PHPT1,TSHZ2,GABPB1-AS1,CD200,PARP12,BANK1,UBC,NFKBID,TLR10
119,SP110,RFTN1,SUGCT,ST6GALNAC4,DSTN,GZMH,CDCA7L,HNRNPA1,PHF11,TRA2B,MFAP1,RP11-166O4.6,EIF4A2
120,CNPY3,ADGRG5,PSMA2,SURF4,DERL1,TSPAN14,RPL21,RPS18,RBCK1,EIF4A2,SNHG7,EEF1G,1-Mar
121,MYL12B,TLN1,CAMK2B,PHPT1,DDOST,DENND2D,BANK1,LAPTM5,CAPG,RBM39,CD37,RPL35,NAP1L1
122,ERP29,PSMB9,H2AFV,CHID1,CREB3,TNFRSF18,RNASE6,P2RX5,MALAT1,SLC2A3,ATP5L,RPSA,PLP2
123,IFITM2,PKM,SHFM1,CTSD,ADI1,PTPRC,SLC2A3,EIF3E,RTCB,MT-CO2,ZFAND2A,VAMP2,UBE2N
124,CR1,LITAF,ARPC1B,ADM,SLC38A10,PASK,GPR18,RPL24,CD53,NAPSA,IGHD,IFT57,GPR183
125,SRSF7,COL9A2,ATP5J2,NUCB2,FNDC3A,LINC00649,BTK,S100A9,DTX3L,CD24,RPL17,LY6E,ZFAS1
126,HSPA8,STAMBPL1,STAG3,CD59,VKORC1,STOM,FCRL1,TIPIN,IRF1,RGS1,RPL30,RPS2,GPSM3
127,YPEL5,COQ2,CUX1,TMEM258,CALR,SARAF,GNB2L1,PLAC8,BANK1,SYNGR2,IFIT3,ADD3,S100A4
128,PDCD4,DBI,SH2B2,SLC3A2,DENND6B,MT1X,RCSD1,SNHG7,SP100,TEX9,CCT3,RPL10A,METTL8
129,PARP15,LDLRAD4,SYPL1,FKBP2,RTN3,TOB1,CAP1,SESN1,NUB1,CD55,ID3,RASGRP2,ACAP1
130,METTL8,ZDHHC21,EZH2,YIF1A,UBE2J1,RNF213,RASGRP2,LTA4H,GSTK1,DUSP4,RPS29,CXXC5,DRAM2
131,AC025164.1,SH3BP5,TMSB4X,CDK2AP2,YIF1A,TNFRSF1B,RPS29,CLEC2D,CD24,CAPG,RPL22,FLNA,AL928768.3
132,TRANK1,HLA-DRB5,SH3KBP1,GSTP1,CITED2,CTSC,TNFRSF13C,CD79A,NLRC5,HNRNPA2B1,BTN2A2,RPL22,SYPL1
133,EIF4A2,MGAT4A,DMD,NDUFS8,DUSP5,CALM1,CCR6,NACA2,LGALS9,KLF10,TRA2B,MYLIP,ATP6V0E1
134,ATP6V0E1,ARHGDIB,SLC25A5,SPCS2,CD9,ATP2B4,PIK3IP1,CIRBP,PSMB8,CD70,SCO1,RPL7,CRIP1
135,CXCR5,CD96,PHF6,CADM1,ST6GALNAC4,RGCC,BTLA,KLF2,CCR7,AHNAK,SWAP70,SMAGP,PTPN6
136,ARL4A,MS4A7,XKR6,HYOU1,SEC61G,AC092580.4,SEPT7,STMN3,HLA-DRB5,RP11-489E7.4,COX7C,IQSEC1,SAMSN1
137,FCRL3,TPM3,LOXL2,DNAJC1,PDIA6,PHACTR2,HSP90AB1,TPT1,ZFP36L1,ZC3H12A,ATP5EP2,COX4I1,SYNGR2
138,GRN,PRR13,NUGGC,SRGN,VIMP,ATP6V0E2,IFI16,AC090498.1,TNFAIP8,LINC00936,EIF4A2,ZNF331,PPP1R15A
139,SYK,PTPN6,ANK1,CCND2,SLC44A1,GPRIN3,BCL11A,CTD-3184A7.4,BISPR,SERPINB9,RPS10,XIST,CTSA
140,MPEG1,IFITM2,RP11-567J20.3,FKBP11,HIST1H2AE,RASGRP1,RPL13A,EEF1B2,USP15,SAMSN1,STIP1,TAGLN2,ACP5
141,FCGR2B,LIMD2,TCEA1,SPATS2,BIK,CKLF,HLA-DOB,HINT1,ZNFX1,HLA-DQA2,RPS19,MAP3K8,TRAC
142,SEMA7A,ABI3,LYPLA1,CD63,LRRC59,CCL4,BEND5,TSPAN13,HLA-F,TAF7,NOP10,TCOF1,TMEM154
143,STK4,PTAFR,TOX,HSP90B1,ISOC2,SH3BGRL3,JUNB,PABPC1,SAMSN1,AL928768.3,RPS21,RPS17,KYNU
144,ALOX5,ITGB2-AS1,MYBL1,MLEC,SRM,GIMAP2,IL4R,NAP1L1,DDX5,RILPL2,EPSTI1,YBX1,CD44
145,PLEKHG1,BRK1,TPD52,TMED2,ACADVL,ZFP36L2,HNRNPDL,S100A8,TRAFD1,RAB11FIP1,GCC2,ITGB2-AS1,RILPL2
146,YWHAZ,SCAMP2,PAG1,ALG5,SDC1,ZFP36,HNRNPA2B1,RASGRP2,PARP10,ATP2B1,BIRC3,ANXA4,VASP
147,RIPOR2,SMCO4,E2F5,UFM1,MLEC,ETS1,EIF3E,RP11-356C4.3,PTGES3,FUS,MX1,RP5-887A10.1,CNPY3
148,TRIM22,RGS10,SYBU,FNDC3A,DNAAF1,NDFIP1,STX7,C16orf74,MS4A1,CD86,RPL26,TIPIN,KCNN4
149,PPDPF,TAP1,AC023590.1,DNAJC3,DERL2,GBP5,YBX3,SNX3,GBP2,XXbac-BPG299F13.17,RPL23A,RPL31,PTGES3
150,MIDN,BATF,DCAF12,GAS6,SELENOK,AQP3,PDLIM1,CDCA7L,DYNLT1,EIF4A1,USMG5,CHPT1,ID3
151,LSP1,LAT2,SIT1,GZMB,CCDC167,IQGAP2,CEPT1,1-Mar,TPM3,MT-ATP6,RPS27,KLF3,RIC3
152,LDLRAD4,C10orf54,CLTA,LGALS3,TIMP1,VIM,CLEC2B,KLF3,APOL3,UBB,BST2,NRROS,IER5
153,ATP5MG,TYMP,ZCCHC7,NPC2,TMEM205,LDHB,BLOC1S2,C6orf48,CCDC85B,IQGAP1,RPL12,PPIA,PDLIM1
154,AREG,RAB33A,GRHPR,TMED10,VOPP1,PSTPIP1,SNHG8,GUCD1,HLA-DQA1,HLA-F,HLA-B,ARF6,TCF4
155,BLNK,GPR183,SUSD3,SEL1L,TPST2,DUSP2,GPX1,BACH2,ODF3B,TSPYL2,P2RY10,PCSK7,CD86
156,ALOX5AP,PPP1R18,ANP32B,IFI27L1,IFI6,DDIT4,YBX1,CHPT1,ZFP36,TAGLN2,HLA-DRA,EIF3L,CYSLTR1
157,CTSH,CMTM7,NANS,IFI27,EDEM1,MYH9,C16orf74,LYZ,GSDMD,WSB1,OTUD1,SNX3,MBP
158,ARL6IP5,PTMA,CD81,IGHA2,SPAG4,PBXIP1,OPN3,COX4I1,PSMB10,ZFAS1,AP003774.1,S100A9,CTSH
159,TAGLN2,PEA15,SWAP70,IGHG4,KRTCAP2,CORO1B,HLA-DOA,NHSL2,ZBTB20,MYC,BAG2,EIF3F,ANXA6
160,IL16,SLC16A3,RRAS2,IGHG2,HIST1H2BD,PIK3R1,IMPDH2,COL19A1,GNG5,DNAJB1,BCL7A,PABPC1,SP110
161,CAPG,CD53,LMO2,IGHGP,IGKV4-1,PIK3IP1,ITM2B,AFF3,RNASET2,MIR155HG,SAT1,SF1,SMARCB1
162,PDLIM1,HSH2D,SPI1,IGHA1,RGS1,ICA1,AFF3,TCOF1,CXCL8,CCNH,MAP1LC3B,RALGPS2,HLA-F
163,MYC,IVD,MS4A1,IGHG1,CHST12,CMTM3,RP11-796E2.4,DPEP2,HLA-DQB1,MAP3K8,RPL35,ZBTB7A,MARCKS
164,SEPT7,PLEKHJ1,FERMT3,IGHG3,PLPP5,DNAJB1,FAM26F,VAMP2,TAP2,KYNU,AICDA,PLP2,ABHD14B
165,EML4,RASSF2,CFL1,IGHV3-23,IGKV1-12,BATF,GYPC,NCK2,UBE2N,SRSF2,RNASE6,CLECL1,BHLHE41
166,PNRC1,SYK,ACY3,IGHV3-30,KLF13,SATB1,SNX29,HVCN1,COX5A,CLK1,UBA52,NACA2,CHCHD10
167,ATP5F1D,RNASET2,UCP2,IGHV4-34,HIST1H2BJ,LPIN2,ARHGAP9,CALHM6,ITGB1,INTS6,ATP5J,SMCHD1,HLA-DQA2
168,BIN1,FAM49B,FAM76B,KLF13,IGLV2-11,OPTN,VAV3,TOMM7,UBE2D3,DDX3Y,C7orf55,MT-ND5,CDC42EP3
169,MAPRE2,ARID5A,TMEM123,C15orf48,DAD1,MIR4435-2HG,CLEC2D,MEF2C,MYD88,CTSA,TIMP1,ITGB7,KLF2
170,RGS1,IGFLR1,PDGFD,CCPG1,CANX,TTC39C,CSK,GABPB1,DNAJA1,EMP3,HLA-DQB1,OSBPL10,ZBTB20
171,LY9,PPP1CA,POU2AF1,RPS27L,FAM46C,S100A11,CAMK2D,ITM2B,MCL1,ILF3-AS1,KIAA1033,CLN8,GSTK1
172,SNX2,PRDX1,HTR3A,PPIB,CDK2AP2,SYNE2,GDI2,SELL,CTSH,SFPQ,C1orf162,PRMT9,PDCD4
173,ATP5PB,FADS3,ATP5L,COX5A,TMEM59,WNK1,FAM159A,PIK3IP1,JUN,PIKFYVE,SEC62,RP11-356C4.3,INPP5D
174,MT-ATP8,ACTR3,SORL1,IDH2,FAM136A,CLEC2B,CD40,PNRC1,ACP5,SQSTM1,MXD1,RP11-255M2.3,IDS
175,STK17B,VASP,ASB13,VIMP,TMEM258,DGKZ,LSM7,BLOC1S2,SEPT6,IRF1,PPP1R2,HES1,HOPX
176,SKIL,CTSD,ATP5C1,TXNDC11,SRPRA,OASL,DUSP1,FCMR,APOBEC3G,UBE2N,CXCR5,TBC1D9,ATP2B1
177,AC079767.4,CTSA,RP11-138I18.2,TNFRSF17,GLRX,HLA-A,SP100,NCF1,ELK4,CLIC1,C21orf91,NHSL2,ANKRD12
178,TPM3,NEK6,ZFAND4,MT2A,IGLL5,SOCS3,REL,STRADB,KAT2A,ATP2B1-AS1,RP11-108M9.4,RPS20,ANXA2
179,CD82,TCIRG1,USMG5,MT1X,IGKC,LDHA,SIPA1,PNISR,C15orf48,RBM3,IRF2,NOP53,ARID5B
180,CCR6,EVI2A,XPNPEP1,HERPUD1,CD59,JUNB,ATP6V0A1,ADK,CDC42,HNRNPA0,EIF2AK2,HLA-DPB1,HSP90AA1
181,GRAP,TSEN54,PRDX3,TMEM208,TECR,GNG2,RPL22L1,ZFP36L2,XRN1,EZR,SELL,RIPOR2,SCPEP1
182,HNRNPF,SLC2A3,GLRX3,DNAAF1,EHMT1,PPP2R5C,PTPRC,ANAPC16,PPP1R15A,KIAA1551,MED28,MCUB,CH17-373J23.1
183,KLF2,RGS19,GAPDH,FAM92B,RASSF6,PITPNC1,CTSS,MTSS1,CAPZA1,NFKB2,MX2,FCRL3,HSPE1
184,CNBP,SRGN,PEX5,B9D1,TMED2,FKBP5,MYC,SARAF,CCDC50,JMJD1C,LSM14A,RPL23,PLCG2
185,TNFRSF13C,DIAPH1,AICDA,CCL4,SELENOM,HOXB2,IL2RG,NFKBID,SMCHD1,MT-ND4L,DDIT4,LGALS1,DNAJB1
186,DNPH1,CNN2,ARHGDIB,CCL4L2,TXN,IL2RA,STRBP,LYST,TCF4,CCR7,MS4A1,PCBP2,SND1
187,ZBTB20,GBP1,LRMP,SLC35B1,LRPAP1,RGS1,AP1B1,OPN3,TAPBP,ZFAND5,LGALS9,UBXN1,MTRNR2L8
188,PSME1,TWF2,HDAC7,LRRC59,CYTOR,FXYD5,ARPC4,LAIR1,DUSP1,SNHG9,TMEM261,YPEL3,RP11-386I14.4
189,RTRAF,WSB1,SPATS2,NME2,IGLC2,SCML4,BIN1,EEF1G,UBA7,BRD2,DCK,FCRL2,MTRNR2L12
190,SMIM26,FLNA,HNRNPA1,ERN1,UFM1,CCSER2,KDM4B,AC245100.1,IDH3A,MBP,C6orf48,PRDM2,TMEM107
191,ATP5F1B,PIKFYVE,MYL6,PECAM1,SOCS3,EVL,SNHG7,CCND3,RASGEF1B,TRAF4,FCMR,YWHAZ,HSPB1
192,PRR13,ZMIZ1,ATP5B,WIPI1,TENT5C,PLEKHF1,RP9,CD72,SOCS1,TUBA1B,TAF1D,HINT1,NA
193,SIT1,RHOG,RP11-620J15.3,SEC14L1,SELM,NFATC2,HHEX,SNX2,TRIM69,SBDS,NAP1L1,MTRNR2L1,NA
194,ARHGAP9,CD164,CPM,SOCS3,REEP5,IL6ST,SEC62,CCR7,SRGN,ARHGAP24,ISG20,COTL1,NA
195,ATP5MC3,EGR2,FGD6,P4HB,NPC2,RHBDD2,STAG3,SEC62,EIF5A,HOPX,TIPIN,PLEK,NA
196,NCR3,CAP1,VEZT,ANAPC11,SSR1,SLC9A3R1,ICAM3,SF1,B3GNT2,TCF7,CSTB,CCND3,NA
197,SLA,FIBP,METAP2,PYCR1,OTUD1,CNOT6L,TRBC2,EIF3L,CASP1,TLR10,ATP5B,GTF3A,NA
198,ARHGAP45,CRIP1,SLC25A3,CD7,IGLC3,LDLRAP1,PLEKHF2,HNRNPDL,DDX3X,CD58,GPX1,EVI2B,NA
199,JMJD1C,HLA-C,C12orf75,SEC11C,VSIR,RBPJ,LGALS9,CYB561A3,EVL,NEK6,SP140,EIF3K,NA
200,TRAF5,ACAP1,ARPC3,LMAN1,COPE,EML4,PLEKHA2,EIF3H,GPBP1,MIAT,IRF8,TSPAN3,NA
201,ATP5IF1,CTSZ,ALDH2,DSTN,ATP6V0B,RUNX3,ACAP1,ATP6V1G1,TMEM140,SNHG15,NCOA3,RHBDF2,NA
202,CXXC5,SPIB,DTX1,RRBP1,NEAT1,IL6R,CCNG2,AIDA,WDFY1,SF1,SKAP2,CMPK1,NA
203,ZNF331,MEF2A,HRK,CST3,SUB1,S100A10,GMFG,TSTD1,TRANK1,ZNF331,ATP5J2,GABARAPL2,NA
204,POLD4,REEP5,SRSF9,HM13,IGLC6,MIAT,BIRC3,SRSF5,FGD2,MGAT4A,NAA16,SBDS,NA
205,UBXN1,MYH9,DYNLL1,ERGIC3,UQCRQ,STAT3,ADAM28,EPB41L4A-AS1,DEK,NCR3,15-Sep,CAPNS1,NA
206,KDM6B,CTSC,WDR66,SPAG4,RPS27L,LGALS3,NBEAL1,FAM65B,VIM,FNBP1,CXCR4,PDLIM1,NA
207,NR4A1,NCF4,BCL7A,RPN2,IGHV3-7,ABRACL,TMEM123,N4BP2L1,ZC3HAV1,SWAP70,HNRNPH3,CDC42SE1,NA
208,RILPL2,SERPINB1,SCARB1,ZBP1,SERP1,KIAA1551,LBH,RP11-693J15.5,SYNGR2,TOB1,BTLA,HNRNPA0,NA
209,PTGES3,MTHFD2,RAN,JSRP1,IGLC7,PTGER4,LINC02397,JUNB,IER2,MT-ND5,TMEM140,PCIF1,NA
210,RHOF,SP140,HMGB1,MYDGF,BTG2,RCAN3,RP11-386I14.4,BTLA,AC114760.2,COQ7,PPM1K,LSP1,NA
211,ORAI2,ARPC4,ALOX5AP,TMEM205,PSAP,RBL2,PDLIM2,LST1,ARID5A,ARID5B,IER3,DDAH2,NA
212,AIM2,PLEKHO1,LCP1,PRDX2,Z93241.1,DGKA,NFATC3,ZNF274,CD40,AC016831.7,ATP5I,IKZF1,NA
213,POU2F2,ANXA4,HNRNPA1L2,TECR,SQSTM1,CD27,ITGA4,IRF1,MYL12B,PRDM2,PCBP1,FMNL1,NA
214,APBB1IP,LPXN,GPR18,NDUFB7,IRF4,TRAF1,IDI1,NUAK2,INPP5D,CHMP1B,SNX29,CNOT1,NA
215,SYNGR1,GDI2,HNRNPC,TMEM147,IGLL1,MT1E,FDFT1,ZCCHC7,ARF6,GABPB1,DHX36,ADGRE5,NA
216,HNRNPA0,PARP9,STXBP6,TYROBP,GUK1,CLDND1,ZCCHC7,C1orf56,CMTM6,NUDT4,ZFP36L1,CAPN2,NA
217,TUBA1A,PTPN18,C14orf166,PLD3,MTDH,AHNAK,GCA,CAMK2D,ADPGK,SEMA7A,TMEM123,RP5-1171I10.5,NA
218,RHOH,SUMO2,DAAM1,RABAC1,SELK,CD84,SNRPB,CMPK1,NAPA,NFKB1,RPL21,EIF4B,NA
219,GPX4,DHRS9,SYNE2,APOE,CD27,SIGIRR,APOBEC3C,LGALS9,HIF1A,ATP6V0E1,C15orf57,MT-ND4L,NA
220,HLA-F,RAB11FIP1,TMED8,APOC1,LGALS1,GZMB,TRAF3IP3,CHMP1B,AIM2,ADAM28,ATP5D,MYO1G,NA
221,ARHGAP15,KIAA1551,ASB2,SLC1A5,ELOB,RAB27A,ARHGAP15,SNHG8,TANK,FAM53C,STAP1,DAPP1,NA
222,CYTIP,PML,SERPINA9,KDELR1,CCDC144A,IFNG,APEX1,PHACTR1,HSPA8,DDIT4,TMEM60,TRIR,NA
223,FOXP1,NAPSA,RP11-1070N10.3,ATF5,TMBIM6,SUPT3H,ZNF791,HHEX,SP140,ZNF267,KIAA0226L,GABARAP,NA
224,ABHD14B,HCLS1,TCL1A,NKG7,RGS2,MYL12A,NCL,HNRNPA0,RIPOR2,SRSF3,GSTO1,C1orf56,NA
225,CDKN1A,GABARAPL2,SRP14,ISOC2,CUTA,SLC2A3,SLC38A1,ADD1,HNRNPF,NAAA,IDH1,SNX2,NA
226,CERS4,WDR1,GCHFR,SDF2L1,MTRNR2L1,CBLB,RP11-347P5.1,DGKD,ST3GAL5,ELMSAN1,ATF4,MKNK2,NA
227,SEPT9,HHEX,ZNF106,IGLV6-57,VIM,RNF149,CD55,H1FX,C6orf62,PELI1,CD53,FAM96A,NA
228,SYNGR2,GPSM3,SNAP23,IGLV1-40,CCL3,FOS,RP1-313I6.12,SRSF8,LRRFIP1,STK17B,BLOC1S6,LITAF,NA
229,IKZF3,CD44,SERF2,IGLV3-25,IGHD,CARD16,SYS1,RNASE6,PLEKHO1,ATP1A1,HIST1H2AC,RHOB,NA
230,ATP5PD,PGAM1,SLC30A4,IGLV3-21,CD79A,CD99,ILF3-AS1,BCL11A,STAP1,GSTK1,ATP5O,IL10RA,NA
231,ATP6V0C,IVNS1ABP,BLOC1S6,IGLV3-1,NA,ZYX,LTA4H,SKAP1,UNC93B1,SF3B1,TMEM2,C6orf48,NA
232,TMEM109,COX5A,MYO1E,IGLL5,NA,GABARAPL1,CHMP7,IKZF1,CCL3,PLP2,GAPT,ATP5F1E,NA
233,TMEM243,BCAS4,KIAA0101,IGLC6,NA,GMFG,ENO1,SMCHD1,ARL6IP5,UVRAG,HSD17B7,ANXA2,NA
234,IQGAP1,CALHM2,PKM,IGLC7,NA,LY6E,EBLN3,MDM4,ZNF267,SSPN,ARL11,THEMIS2,NA
235,PTP4A1,PDLIM7,NEIL1,IGLL1,NA,SOD1,PARVG,15-Sep,TRIM56,PPP3CA,TAF7,S100A10,NA
236,DDX24,ARHGAP9,MCTP2,DERL3,NA,CCND2,FKBP1A,TMEM123,PMAIP1,WDR74,RPS25,SELENOW,NA
237,FAM102A,TRAPPC1,TCEB2,TPST2,NA,NDUFS5,NT5C3A,SMAP2,TMX1,VASP,CENPM,U2AF1L4,NA
238,GCA,FCRLA,DNASE1,XBP1,NA,PRMT2,MDM4,ADD3,PSMA4,CKS2,C18orf21,LINC01781,NA
239,STAT1,FAM49A,RMI2,SELM,NA,KLF6,CALR,SNHG25,IFI27,CTSH,HLA-DMA,ATP5ME,NA
240,OCIAD2,IRF2BP2,SYT17,LGALS1,NA,RBMS1,FBL,RBM23,LYSMD2,ELF1,FAM177B,RACK1,NA
241,SELENOF,PRELID1,GGA2,MEI1,NA,TMEM50A,LY9,MYLIP,CCL4,MYADM,RPL9,S100A4,NA
242,SEPT6,DBNL,IL4R,NDUFA6,NA,H3F3B,RPA3,GNG7,OFD1,CCDC50,RPSA,SVIP,NA
243,KIAA1551,ITGB7,RP11-231C14.7,CRELD2,NA,OCIAD2,KLF2,RB1,SIDT1-AS1,BCLAF1,TUBA1B,ATP5MC2,NA
244,WSB1,SYNGR2,ALDOA,TYMP,NA,TRG-AS1,TMBIM4,ANKRD44,CAPN2,PVT1,FAM43A,BTG2,NA
245,LAPTM4A,TSPAN33,CORO1A,ODF3B,NA,NOSIP,TNFRSF14,STX7,CNP,BZW1,ELF1,CHMP1B,NA
246,PHF20,SMC6,CD2BP2,ARSA,NA,FAS,PAPOLA,EIF3D,DOCK8,RBMX,ETS1,SNHG15,NA
247,TRIR,RAB29,SHCBP1,HSPA13,NA,CITED2,IL16,TRAF3IP3,SEMA7A,S100A4,RSRC2,NME2,NA
248,IFNGR2,RABGAP1L,AMFR,IFNAR2,NA,CALM3,PLPP5,PLEKHA2,KPNB1,GPR65,LRMP,ITGB2,NA
249,MARCKS,IRF5,TERF2,PDXK,NA,ATP1A1,SKIL,WHSC1L1,TNK2,ANKRD37,FAM50B,RPS26,NA
250,NBDY,MEF2C,TERF2IP,TENT5C,NA,EPB41,POLR2J3,RPS26,SNX2,ZBTB20,CHMP5,C7orf50,NA
251,TAGAP,TLR10,HSBP1,CYTOR,NA,ARID5A,BLNK,P2RY8,LINC01781,BLK,ST13,NR4A1,NA
252,VPS35,PLXNC1,IRF8,AC078883.1,NA,AES,LAPTM4A,PNN,DCK,PPP1R11,CYTIP,MTRNR2L12,NA
253,ATP5F1A,CXXC1,FANCA,SELENOK,NA,HMOX2,EIF1AY,EIF4B,ETV6,G3BP2,SOD1,AC090498.1,NA
254,LPXN,GALNT1,DEF8,LINC02362,NA,HLA-B,NHP2,LYN,ITGA4,EML4,TRIM22,MTRNR2L8,NA
255,CYBC1,PPP1R16B,YWHAE,VSIR,NA,ITGAL,HIF1A,SNX10,RICTOR,CHORDC1,IFITM2,AL928768.3,NA
256,BBX,HIGD2A,P2RX5,AC012236.1,NA,PLK3,SLC50A1,TSPYL1,MARCKS,ARL6IP5,LINC01420,NA,NA
257,LMBRD1,TBC1D10C,ITGAE,SELENOS,NA,HSPA8,DNPH1,POLR2J3,SNX6,MTRNR2L8,ZCCHC11,NA,NA
258,MAX,VAMP5,PFN1,ATP5MC1,NA,RHOF,CCL3,FAM215B,HSP90AB1,C12orf57,IFI44,NA,NA
259,KMT2E,FAS,CCDC144A,ADA2,NA,MCL1,SELENOH,TAGAP,GPR183,SOCS1,SNX5,NA,NA
260,SSH2,ARF5,PRPSAP2,SELENOM,NA,HLA-C,NA,FNIP1,MOB1A,STAT3,SNRNP70,NA,NA
261,SASH3,ID3,LIMD2,U62317.5,NA,LYAR,NA,APPL1,SUMO2,LITAF,PRPF38B,NA,NA
262,SF3B1,DDIT4,CD79B,ATP5PF,NA,CD44,NA,TTC19,RAP1B,TMBIM1,TRIM38,NA,NA
263,ANKRD12,SEPT6,RP11-160O5.1,CCL3,NA,ITGB2,NA,CDC42SE1,ARL6IP6,TMC6,NT5C3A,NA,NA
264,TENT5C,FERMT3,PITPNC1,ATP5MC3,NA,RNF19A,NA,VPS51,GPSM3,ANKRD44,ATP6V1H,NA,NA
265,JUND,UBE2N,HN1,ATP6V0B,NA,GBP1,NA,ORAI2,MYCBP2,AIM2,LAPTM5,NA,NA
266,RARRES3,WDFY4,SEC14L1,NEAT1,NA,AKNA,NA,RBM38,GZMB,IRF2BP2,CBX3,NA,NA
267,RHOB,IRF7,ACTG1,G0S2,NA,CXCL13,NA,IL2RG,SRSF5,HCST,ZFAS1,NA,NA
268,CYCS,FCGR2B,ATP5A1,ISG15,NA,PFN1,NA,IFT57,IDS,PHF20,RPL27,NA,NA
269,TOMM20,SESN3,SNTA1,RGS1,NA,C12orf57,NA,BLCAP,HNRNPA2B1,TYMP,CCT4,NA,NA
270,HPCAL1,PPM1M,RPRD1B,CD3D,NA,MYL12B,NA,HNRNPA1L2,STK17A,MYLIP,AP1B1,NA,NA
271,SBDS,CIB1,MYBL2,IGLV2-14,NA,GAPDH,NA,CXXC5,CD68,IFITM1,ATP5G3,NA,NA
272,RAB11B,NT5C,ADA,BTG2,NA,ZC3HAV1,NA,ATF7IP2,BAZ1A,PPP1R10,GPR18,NA,NA
273,PMAIP1,MT1F,YWHAB,C1QB,NA,FAM129A,NA,HSD17B11,ANKRD13A,TCF4,CLEC2B,NA,NA
274,SQSTM1,EPSTI1,CD40,ELOB,NA,CTSA,NA,ZCCHC10,STK17B,EIF5,PARP14,NA,NA
275,IMP3,LRRK2,BCAS4,S100A2,NA,BTN3A2,NA,CELF2,ANXA2R,COX17,UQCRHL,NA,NA
276,SOCS3,C9orf16,ATP5E,DAD1,NA,MBP,NA,FBL,PRELID1,KMT2E,CD22,NA,NA
277,GABARAP,UQCR11,OAZ1,LYZ,NA,ALOX5AP,NA,NOP53,DAZAP2,TNIP2,HMCES,NA,NA
278,EMD,HMGA1,PTPRS,GUK1,NA,IDS,NA,PAPOLA,PRR13,ST8SIA4,LY9,NA,NA
279,NA,FXYD5,DNMT1,ATP5MD,NA,MGAT4A,NA,CDK13,YWHAZ,TRIM22,C14orf2,NA,NA
280,NA,BHLHE40,S1PR2,CD27,NA,FLNA,NA,GLO1,RARA,CYTIP,ERP44,NA,NA
281,NA,IFI44L,BORCS8-MEF2B,SPP1,NA,PRDM1,NA,EAF2,CLECL1,RPL22L1,SYS1,NA,NA
282,NA,NOP10,LSM14A,CCL5,NA,GSTK1,NA,NA,NAPSA,TCIRG1,DEK,NA,NA
283,NA,LTA,CD22,IGLC3,NA,DDX24,NA,NA,ADGRE5,RGCC,C8orf59,NA,NA
284,NA,ADGRE5,CD79A,CALR,NA,CYLD,NA,NA,CTSS,HNRNPUL1,CD40,NA,NA
285,NA,CTSB,SPIB,IFITM1,NA,LYST,NA,NA,PIK3AP1,INPP5D,RTFDC1,NA,NA
286,NA,VDAC1,ZNF581,CTSB,NA,CCR7,NA,NA,WIPF1,EIF1B,RAB8B,NA,NA
287,NA,PGLS,NLRP4,CUTA,NA,MBNL1,NA,NA,PTPN6,DNAAF2,ZNF581,NA,NA
288,NA,ISG15,IGLC5,IGLC2,NA,SPTAN1,NA,NA,WSB1,PIM3,ATPIF1,NA,NA
289,NA,UBE2A,VPREB3,H2AFZ,NA,PARP8,NA,NA,CCR6,TAGAP,CLNS1A,NA,NA
290,NA,DDAH2,SMARCB1,SELK,NA,CASP8,NA,NA,LMNB1,IFI44L,FAM60A,NA,NA
291,NA,UGCG,ATP5L2,SERP1,NA,CTSD,NA,NA,SECISBP2L,CAPN2,STX7,NA,NA
292,NA,MCM5,A4GALT,VIM,NA,PLIN2,NA,NA,LACTB,HERPUD2,OAS1,NA,NA
293,NA,DOCK10,BIK,AIF1,NA,LIMS1,NA,NA,CYSLTR1,DNAJB6,VPREB3,NA,NA
294,NA,TTC39C,ATP5J,MIF,NA,STAT1,NA,NA,ACTR3,CDC37,DDX18,NA,NA
295,NA,ENO1,CCT8,COX7A2,NA,H1FX,NA,NA,EIF4A2,BIRC3,HNRNPA1L2,NA,NA
296,NA,PTPN7,MAP3K7CL,FTL,NA,SFXN1,NA,NA,NFKBIA,RABGGTB,YBX3,NA,NA
297,NA,FBXO6,BRWD1,NA,NA,DRAP1,NA,NA,SERPINB9,LRRFIP1,OSER1,NA,NA
298,NA,DRAP1,HMGN1,NA,NA,CDC42SE2,NA,NA,UTRN,AC103591.3,SEPT7,NA,NA
299,NA,NEAT1,BTF3,NA,NA,IL10RA,NA,NA,ATP5F1E,IRF7,C17orf62,NA,NA
300,NA,BANK1,MSH6,NA,NA,TBCD,NA,NA,BASP1,EIF4A3,C14orf166,NA,NA
301,NA,ILK,GSTP1,NA,NA,ARRB2,NA,NA,THEMIS2,GTF2B,ANP32B,NA,NA
302,NA,YWHAZ,PGLS,NA,NA,SEPT1,NA,NA,ZNF92,SLC38A2,PUM1,NA,NA
303,NA,NDUFS5,EAF2,NA,NA,APMAP,NA,NA,EMB,MTRNR2L12,ATP5H,NA,NA
304,NA,LPIN1,CDKN2C,NA,NA,RASSF5,NA,NA,RAB31,TAP1,BLNK,NA,NA
305,NA,MCOLN2,LAT2,NA,NA,PLEC,NA,NA,CHD1,EPC1,HLA-DOB,NA,NA
306,NA,MYL12B,UBE2L3,NA,NA,BIN2,NA,NA,TCOF1,CFLAR,NCF1,NA,NA
307,NA,MT-CO1,LSM10,NA,NA,YWHAB,NA,NA,SEMA4D,MFSD10,YTHDC1,NA,NA
308,NA,AKAP11,PSMA4,NA,NA,FAM177A1,NA,NA,TLR10,MTRNR2L1,NAMPT,NA,NA
309,NA,STK17B,PABPC1,NA,NA,DNPH1,NA,NA,CBWD5,HNRNPH1,BAZ1A,NA,NA
310,NA,LGMN,CUL3,NA,NA,NFKBIA,NA,NA,TCIRG1,RABGAP1L,AC079767.4,NA,NA
311,NA,BCAR3,KCNK12,NA,NA,DIAPH1,NA,NA,ERAP2,RBM8A,PLEKHF2,NA,NA
312,NA,COX6B1,C14orf2,NA,NA,ODF2L,NA,NA,MVP,MAPK1IP1L,PAX5,NA,NA
313,NA,TMEM131,PUS10,NA,NA,TECR,NA,NA,MRPL42,S100A10,SAMSN1,NA,NA
314,NA,IL16,LDHB,NA,NA,MYL6,NA,NA,CD70,PPP3CC,RRAGC,NA,NA
315,NA,ATP6V0D1,KHDRBS1,NA,NA,NDFIP2,NA,NA,MORF4L1,BCAS2,TMEM55B,NA,NA
316,NA,PLCG2,RGS10,NA,NA,LMNA,NA,NA,KYNU,IFITM2,RHOH,NA,NA
317,NA,MTPN,PARN,NA,NA,ELF1,NA,NA,IRF2,RHOG,C11orf73,NA,NA
318,NA,OAS1,MRPL51,NA,NA,VAMP5,NA,NA,PPP1CC,SMAP2,PAPOLA,NA,NA
319,NA,TOX,POLR2G,NA,NA,CREM,NA,NA,PARP8,CREM,ABRACL,NA,NA
320,NA,SRI,MYEOV2,NA,NA,TUBA4A,NA,NA,NFKBIE,ID3,HNRNPC,NA,NA
321,NA,RHOF,LIMA1,NA,NA,TMSB10,NA,NA,FOSB,PTPN1,EVI2B,NA,NA
322,NA,STAT1,FNBP1,NA,NA,IKZF1,NA,NA,RHOG,NCF4,PTGES3,NA,NA
323,NA,SH3GL1,FKBP1A,NA,NA,LINC00152,NA,NA,TRIM38,ZNRD1,ZNF821,NA,NA
324,NA,ARHGAP25,FAM129A,NA,NA,NAP1L4,NA,NA,LBH,STAT1,YY1,NA,NA
325,NA,NUDT14,GDI2,NA,NA,PAXX,NA,NA,ATP6V1G1,VOPP1,TCEB2,NA,NA
326,NA,PAK1,ERH,NA,NA,HSP90AA1,NA,NA,S100A4,MT-ND6,GCSAM,NA,NA
327,NA,BCL2A1,CYB561A3,NA,NA,PPP1R2,NA,NA,ECE1,NA,TPP1,NA,NA
328,NA,UBE2L6,HNRNPK,NA,NA,GNLY,NA,NA,BCL2,NA,SNRPN,NA,NA
329,NA,RHOH,UBE2R2,NA,NA,VMP1,NA,NA,JMJD1C,NA,PLEK,NA,NA
330,NA,RNF213,HOPX,NA,NA,CCNH,NA,NA,TMEM154,NA,BCAS2,NA,NA
331,NA,FUT8,CCNI,NA,NA,KDSR,NA,NA,LTA,NA,DAPP1,NA,NA
332,NA,CSK,PXK,NA,NA,CDKN1B,NA,NA,STAT6,NA,CPNE3,NA,NA
333,NA,ATP6V1F,BRI3BP,NA,NA,NMRK1,NA,NA,AC004687.1,NA,SNX2,NA,NA
334,NA,BASP1,NSMCE1,NA,NA,EMB,NA,NA,CD47,NA,PLAC8,NA,NA
335,NA,DYNLL1,SNRPD1,NA,NA,MAGEH1,NA,NA,DAPP1,NA,TSPAN13,NA,NA
336,NA,PARVG,HNRNPM,NA,NA,PIM1,NA,NA,BAG1,NA,NIPBL,NA,NA
337,NA,TMSB10,COX6A1,NA,NA,EFHD2,NA,NA,CDKN2D,NA,NSA2,NA,NA
338,NA,SASH3,EIF3I,NA,NA,HLA-F,NA,NA,TPM4,NA,WDR33,NA,NA
339,NA,C4orf48,TACC1,NA,NA,SIT1,NA,NA,PCBP1,NA,HN1,NA,NA
340,NA,MIF4GD,WDR76,NA,NA,ACTN4,NA,NA,GPR65,NA,COL19A1,NA,NA
341,NA,NIPA2,MAP4K1,NA,NA,ANKRD12,NA,NA,ARID1B,NA,JMJD6,NA,NA
342,NA,RAB24,PLIN3,NA,NA,SNX6,NA,NA,SKP1,NA,POLR3K,NA,NA
343,NA,TSPO,RAC1,NA,NA,CSRNP1,NA,NA,CARD16,NA,ODC1,NA,NA
344,NA,MX2,S100Z,NA,NA,SHISA5,NA,NA,CASP4,NA,UBE2E1,NA,NA
345,NA,ITSN2,TBCA,NA,NA,ADGRE5,NA,NA,FCHSD2,NA,MGEA5,NA,NA
346,NA,CD47,PPIA,NA,NA,TAP1,NA,NA,PILRB,NA,RIOK2,NA,NA
347,NA,CMTM3,COX5A,NA,NA,GOLGA7,NA,NA,ELMO1,NA,C16orf87,NA,NA
348,NA,SMIM14,EPS15,NA,NA,NEAT1,NA,NA,C4orf3,NA,ECH1,NA,NA
349,NA,AC104699.1,COTL1,NA,NA,RHOG,NA,NA,C5orf56,NA,BPTF,NA,NA
350,NA,ASAP1,DBNL,NA,NA,CFLAR,NA,NA,POLR2J3.1,NA,SNHG25,NA,NA
351,NA,CELF2,C11orf31,NA,NA,SELENOW,NA,NA,MKRN1,NA,REL,NA,NA
352,NA,UBE2D2,MFAP1,NA,NA,LRRFIP1,NA,NA,SRSF7,NA,TRIM44,NA,NA
353,NA,PSME2,CD180,NA,NA,BHLHE40,NA,NA,CBWD1,NA,BET1,NA,NA
354,NA,MBP,CDV3,NA,NA,APOL6,NA,NA,FAM49A,NA,MITD1,NA,NA
355,NA,TTN,CPNE3,NA,NA,TSPYL2,NA,NA,ITM2B,NA,LINC00493,NA,NA
356,NA,POMP,SNX5,NA,NA,WIPF1,NA,NA,NABP1,NA,MOB4,NA,NA
357,NA,FGD2,POMP,NA,NA,ARHGEF1,NA,NA,RAB29,NA,PNRC2,NA,NA
358,NA,CYB561A3,LPXN,NA,NA,ISG15,NA,NA,CIB1,NA,HSPA4,NA,NA
359,NA,GLRX3,ROMO1,NA,NA,PRPF38B,NA,NA,RAN,NA,LAIR1,NA,NA
360,NA,SEPT7,FYTTD1,NA,NA,MLLT6,NA,NA,JAK3,NA,LLPH,NA,NA
361,NA,PFKFB3,HLA-DMA,NA,NA,PRDX2,NA,NA,TRIR,NA,ITSN2,NA,NA
362,NA,ZDHHC12,ZFAND6,NA,NA,CELF2,NA,NA,JPT1,NA,DNAJC2,NA,NA
363,NA,JPT1,SYVN1,NA,NA,IFI44,NA,NA,ANXA2,NA,ARID5B,NA,NA
364,NA,LINC00152,SLCO3A1,NA,NA,CASP1,NA,NA,PPP1R18,NA,TRMT112,NA,NA
365,NA,STK17A,MDH1,NA,NA,ANKRD11,NA,NA,KIAA0040,NA,ZCCHC10,NA,NA
366,NA,SERPINB6,RBX1,NA,NA,GUK1,NA,NA,CAST,NA,LYN,NA,NA
367,NA,UCP2,FAM208B,NA,NA,NR3C1,NA,NA,ENSA,NA,EVL,NA,NA
368,NA,RGS2,CNIH1,NA,NA,EMP3,NA,NA,RGS19,NA,CYB5A,NA,NA
369,NA,INPP5F,PTPRC,NA,NA,DNAJB6,NA,NA,S100A6,NA,CLEC2D,NA,NA
370,NA,CD52,EIF3A,NA,NA,DYNLT1,NA,NA,TBK1,NA,BAZ2A,NA,NA
371,NA,COX8A,GNB2L1,NA,NA,STK4,NA,NA,ODF2L,NA,KIAA0125,NA,NA
372,NA,SERF2,SMARCA4,NA,NA,C9orf78,NA,NA,SELENOT,NA,CARD16,NA,NA
373,NA,RASGRP3,RABGAP1L,NA,NA,PTPN7,NA,NA,IRF8,NA,CEPT1,NA,NA
374,NA,RBCK1,LYSMD2,NA,NA,SUN2,NA,NA,RUBCN,NA,ARRDC3,NA,NA
375,NA,ANXA2,CTSH,NA,NA,CSTB,NA,NA,PGK1,NA,UPF2,NA,NA
376,NA,TGFB1,SCIMP,NA,NA,IFITM2,NA,NA,CDC42SE2,NA,TERF2IP,NA,NA
377,NA,KYNU,PPP1CC,NA,NA,TSPO,NA,NA,BCL2A1,NA,EIF2S2,NA,NA
378,NA,SLAMF1,H2AFZ,NA,NA,ZFAND5,NA,NA,C1GALT1,NA,DTNBP1,NA,NA
379,NA,MCL1,PLEK,NA,NA,CLPP,NA,NA,RP5-887A10.1,NA,TBC1D1,NA,NA
380,NA,GNAI2,SNRPE,NA,NA,AKAP13,NA,NA,SERPINB6,NA,FXR1,NA,NA
381,NA,ELOF1,ITSN2,NA,NA,ARL6IP5,NA,NA,CNBP,NA,HMGN1,NA,NA
382,NA,CLN8,TRAPPC1,NA,NA,IFI6,NA,NA,CARD8,NA,RSF1,NA,NA
383,NA,TBCB,ERP44,NA,NA,NINJ1,NA,NA,CDKN1A,NA,PFDN2,NA,NA
384,NA,SKAP2,RTFDC1,NA,NA,TRAF3IP3,NA,NA,HNRNPU,NA,DDX17,NA,NA
385,NA,ETHE1,ATP5O,NA,NA,RASAL3,NA,NA,N4BP2L2,NA,EIF1AY,NA,NA
386,NA,MAP3K8,HNRNPA3,NA,NA,SOCS1,NA,NA,RILPL2,NA,PAIP2,NA,NA
387,NA,CHD1,HCLS1,NA,NA,SRSF7,NA,NA,COX17,NA,RFTN1,NA,NA
388,NA,S100A10,C7orf73,NA,NA,C19orf66,NA,NA,VAMP8,NA,PTPRC,NA,NA
389,NA,STX7,EBLN3,NA,NA,CCDC107,NA,NA,CREM,NA,YAF2,NA,NA
390,NA,DOCK8,CPNE5,NA,NA,MYO1F,NA,NA,TUBB,NA,NEDD9,NA,NA
391,NA,LBH,PPP4C,NA,NA,GLG1,NA,NA,ZFAND6,NA,NASP,NA,NA
392,NA,ACTR2,TIMM8B,NA,NA,FOSB,NA,NA,DOCK10,NA,LARP7,NA,NA
393,NA,LSM2,ANKRD13A,NA,NA,VDAC3,NA,NA,NDUFB2,NA,SCAF11,NA,NA
394,NA,PPP6R1,TPM4,NA,NA,TPR,NA,NA,CALCOCO2,NA,PNISR,NA,NA
395,NA,IFI27L2,FAM3C,NA,NA,TAX1BP1,NA,NA,MBNL1,NA,HLA-DOA,NA,NA
396,NA,GNG5,NDUFA13,NA,NA,SURF4,NA,NA,CD86,NA,EIF3J,NA,NA
397,NA,CCDC85B,USP34,NA,NA,G3BP2,NA,NA,KIAA1551,NA,TMEM156,NA,NA
398,NA,HLA-B,WEE1,NA,NA,SAMSN1,NA,NA,FAM49B,NA,TNFAIP8,NA,NA
399,NA,PLEK,SOCS1,NA,NA,SEM1,NA,NA,TRIM44,NA,SLBP,NA,NA
400,NA,XAF1,PSIP1,NA,NA,CYTOR,NA,NA,SRP9,NA,SIAH2,NA,NA
401,NA,LACTB,CAP1,NA,NA,C4orf48,NA,NA,SH3BGRL,NA,GPBP1,NA,NA
402,NA,CNPY3,PSMB1,NA,NA,MRPS6,NA,NA,CRIP1,NA,MOB1A,NA,NA
403,NA,LAMTOR2,ATXN10,NA,NA,CMC1,NA,NA,DDX21,NA,HMGB1,NA,NA
404,NA,RIN3,ISG20,NA,NA,PA2G4,NA,NA,SELENOH,NA,MCTS1,NA,NA
405,NA,UBL5,WIPF1,NA,NA,PAK2,NA,NA,PDLIM1,NA,BLOC1S2,NA,NA
406,NA,CD48,UBE2G1,NA,NA,H2AFZ,NA,NA,BCL11A,NA,TFAM,NA,NA
407,NA,MRPL44,SRP9,NA,NA,RBM25,NA,NA,GUK1,NA,SARAF,NA,NA
408,NA,TSC22D4,GCNT2,NA,NA,ANXA2,NA,NA,TXN,NA,SLTM,NA,NA
409,NA,RAB8B,PDIA4,NA,NA,RPL36AL,NA,NA,RRP7A,NA,MRPL50,NA,NA
410,NA,ASCC1,MRPS36,NA,NA,TMA7,NA,NA,NOP10,NA,MTPN,NA,NA
411,NA,SYS1,POU2F2,NA,NA,PSMC5,NA,NA,ADSS,NA,LPP,NA,NA
412,NA,MTMR14,ENO1,NA,NA,MTRNR2L8,NA,NA,PTPN7,NA,UBE2B,NA,NA
413,NA,SNX22,MRPL15,NA,NA,TXN,NA,NA,EML4,NA,ESF1,NA,NA
414,NA,MAST3,CSTB,NA,NA,ACAP1,NA,NA,EVI2A,NA,CSNK2B,NA,NA
415,NA,OSTF1,STAC3,NA,NA,CIB1,NA,NA,VAMP5,NA,CXorf21,NA,NA
416,NA,FUOM,CENPU,NA,NA,ELOB,NA,NA,PRKD2,NA,TIFA,NA,NA
417,NA,DEF6,COX6C,NA,NA,PTMS,NA,NA,APOBEC3C,NA,GNAS,NA,NA
418,NA,SNX20,RP11-25K19.1,NA,NA,EID1,NA,NA,PLEKHB2,NA,SELK,NA,NA
419,NA,AP1S2,COX11,NA,NA,EPC1,NA,NA,ACTR2,NA,PPP1R15A,NA,NA
420,NA,PAG1,NDUFA4,NA,NA,SBDS,NA,NA,GADD45B,NA,RPL27A,NA,NA
421,NA,TALDO1,CENPM,NA,NA,JAK1,NA,NA,PKIG,NA,SNX3,NA,NA
422,NA,SP110,RBBP7,NA,NA,CNBP,NA,NA,CBWD3,NA,GYPC,NA,NA
423,NA,ACY3,MAP4K4,NA,NA,RAP1A,NA,NA,CFLAR,NA,MRPL44,NA,NA
424,NA,UQCC2,ABRACL,NA,NA,HP1BP3,NA,NA,RNF19A,NA,ALDOA,NA,NA
425,NA,OST4,TMEM261,NA,NA,ARHGDIA,NA,NA,UBE2D1,NA,LSM10,NA,NA
426,NA,GRINA,EHD4,NA,NA,IL2RG,NA,NA,CYCS,NA,SERBP1,NA,NA
427,NA,EIF2AK2,C4orf32,NA,NA,SUMO2,NA,NA,ILK,NA,NOP56,NA,NA
428,NA,MT2A,QARS,NA,NA,SERTAD1,NA,NA,AKIRIN1,NA,EIF3H,NA,NA
429,NA,HERPUD2,NLK,NA,NA,CCL4L2,NA,NA,RHOA,NA,RABEP1,NA,NA
430,NA,EML4,PPP1CA,NA,NA,SEPT9,NA,NA,CYLD,NA,SUGT1,NA,NA
431,NA,TNFRSF1B,VDAC1,NA,NA,PSME2,NA,NA,VASP,NA,GNG5,NA,NA
432,NA,WDFY1,EEF2,NA,NA,PSMA5,NA,NA,PTP4A1,NA,PCMTD1,NA,NA
433,NA,CYBB,C17orf62,NA,NA,BUB3,NA,NA,NAMPT,NA,INSIG1,NA,NA
434,NA,CAPNS1,CSK,NA,NA,ARF5,NA,NA,SMG1,NA,IRF7,NA,NA
435,NA,HN1,CBX3,NA,NA,MAT2B,NA,NA,PIP4K2A,NA,DARS,NA,NA
436,NA,CDC42,RAD23B,NA,NA,IKZF3,NA,NA,KANSL1,NA,TIMM9,NA,NA
437,NA,ARPC5L,HSD17B12,NA,NA,MRPL41,NA,NA,R3HDM4,NA,SEPW1,NA,NA
438,NA,LY6E,RFXANK,NA,NA,TMCO1,NA,NA,YWHAQ,NA,ARMCX6,NA,NA
439,NA,CASP4,YBX1,NA,NA,PGAM1,NA,NA,LNPEP,NA,CD55,NA,NA
440,NA,POLD4,EYA3,NA,NA,HINT1,NA,NA,SCAF11,NA,NDUFB1,NA,NA
441,NA,EMB,CSNK2B,NA,NA,RAC2,NA,NA,LGALS1,NA,ALOX5AP,NA,NA
442,NA,RHOA,SLC15A4,NA,NA,PSMA7,NA,NA,SCIMP,NA,ADAR,NA,NA
443,NA,SAMD9L,PFDN4,NA,NA,GNAI2,NA,NA,CCNL1,NA,PSIP1,NA,NA
444,NA,IL4I1,CKS2,NA,NA,IVNS1ABP,NA,NA,HCST,NA,ID2,NA,NA
445,NA,ARRB2,MRPS27,NA,NA,ERN1,NA,NA,CLEC2D,NA,ZSWIM7,NA,NA
446,NA,ARID3A,MOB1A,NA,NA,APOBEC3G,NA,NA,CNDP2,NA,UQCRB,NA,NA
447,NA,TRAFD1,STK40,NA,NA,STK17B,NA,NA,RAD9A,NA,PTBP1,NA,NA
448,NA,LIMS1,NR3C1,NA,NA,ARHGDIB,NA,NA,SETX,NA,JAGN1,NA,NA
449,NA,PPP4C,NCF1,NA,NA,SYNRG,NA,NA,THUMPD1,NA,MPHOSPH8,NA,NA
450,NA,HMGN3,NDUFB3,NA,NA,GYG1,NA,NA,BLNK,NA,DRAP1,NA,NA
451,NA,SIGLEC10,KANK1,NA,NA,UBL5,NA,NA,FUS,NA,TAF12,NA,NA
452,NA,PLSCR1,RHOA,NA,NA,COX8A,NA,NA,SELENOF,NA,HIF1A,NA,NA
453,NA,RHOC,STX7,NA,NA,C9orf16,NA,NA,NR4A2,NA,DDX21,NA,NA
454,NA,S100PBP,EIF3H,NA,NA,DNAJA1,NA,NA,CREBRF,NA,SRSF11,NA,NA
455,NA,ARHGDIA,EBF1,NA,NA,FAM96B,NA,NA,UVRAG,NA,SNHG8,NA,NA
456,NA,EFHD2,P2RY8,NA,NA,TBC1D10C,NA,NA,RSRP1,NA,PTP4A1,NA,NA
457,NA,CXCR3,MPC2,NA,NA,ITGB1BP1,NA,NA,LITAF,NA,RAB30,NA,NA
458,NA,HK1,COMMD7,NA,NA,APRT,NA,NA,MED10,NA,HMOX1,NA,NA
459,NA,SH3BP1,UGGT1,NA,NA,CAPZB,NA,NA,CXXC1,NA,AKAP9,NA,NA
460,NA,NDUFA4,SNHG19,NA,NA,PARK7,NA,NA,RBMX,NA,RHOB,NA,NA
461,NA,PASK,CCT3,NA,NA,ATP1B3,NA,NA,BRD4,NA,DYNLL1,NA,NA
462,NA,COMT,PIP4K2A,NA,NA,SKP1,NA,NA,TRAC,NA,MYC,NA,NA
463,NA,GRB2,SF3B6,NA,NA,DHRS7,NA,NA,ATP5MPL,NA,XRCC5,NA,NA
464,NA,PDIA6,TADA3,NA,NA,UBE2L6,NA,NA,UBE2L3,NA,APLP2,NA,NA
465,NA,UBC,CCNB1,NA,NA,REX1BD,NA,NA,TARS,NA,PAFAH1B1,NA,NA
466,NA,TFPT,PLEKHA2,NA,NA,CYTIP,NA,NA,RASGRP3,NA,GOLGA4,NA,NA
467,NA,AP2S1,SKAP2,NA,NA,PSMB8,NA,NA,LYL1,NA,SLC38A1,NA,NA
468,NA,LRMP,PLCG2,NA,NA,PSMB9,NA,NA,ANXA6,NA,DOK2,NA,NA
469,NA,PTPRC,TOP1,NA,NA,SLC7A5,NA,NA,RNPS1,NA,PHACTR1,NA,NA
470,NA,TCF4,AC007386.4,NA,NA,ENO1,NA,NA,FBXO7,NA,RGS2,NA,NA
471,NA,HTRA2,SUPT4H1,NA,NA,RAP1B,NA,NA,SASH3,NA,RFC1,NA,NA
472,NA,POLR2G,HMGB2,NA,NA,ATP5PD,NA,NA,TRADD,NA,RGS16,NA,NA
473,NA,ITGB1,PSMB2,NA,NA,ATP5MG,NA,NA,LPIN1,NA,RAC1,NA,NA
474,NA,MTDH,C20orf24,NA,NA,ATP5MD,NA,NA,LYN,NA,GOPC,NA,NA
475,NA,SUN2,FAM195B,NA,NA,UGP2,NA,NA,PCM1,NA,BASP1,NA,NA
476,NA,ALDOA,ACTR2,NA,NA,DYNLRB1,NA,NA,STK4,NA,MBD4,NA,NA
477,NA,PGK1,UQCR10,NA,NA,GADD45A,NA,NA,ATP5MF,NA,GDI2,NA,NA
478,NA,CIITA,DPP3,NA,NA,ATP5MC2,NA,NA,PTPN1,NA,AMD1,NA,NA
479,NA,UVRAG,ABI1,NA,NA,RNF7,NA,NA,TMEM50A,NA,GRB2,NA,NA
480,NA,HLA-DOA,UBE2A,NA,NA,NUCB2,NA,NA,GTF2E2,NA,DDX24,NA,NA
481,NA,MYO1G,TFDP1,NA,NA,NDUFB2,NA,NA,ZNF791,NA,LAMTOR5,NA,NA
482,NA,PHYKPL,BPTF,NA,NA,PPDPF,NA,NA,SLC39A3,NA,ARPC5L,NA,NA
483,NA,IL10RA,MTERF4,NA,NA,RTRAF,NA,NA,PSMB3,NA,COA1,NA,NA
484,NA,RASAL3,CCM2,NA,NA,CLIC1,NA,NA,EIF1AX,NA,RPL13A,NA,NA
485,NA,FAM129A,MOB3A,NA,NA,ATP5F1C,NA,NA,MYO1F,NA,CASP4,NA,NA
486,NA,ANXA6,CALM3,NA,NA,ATP5MC3,NA,NA,TLE3,NA,CMSS1,NA,NA
487,NA,SLC12A9,STAP1,NA,NA,BST2,NA,NA,ADAM28,NA,TBRG4,NA,NA
488,NA,CYTIP,RHOH,NA,NA,ATP5IF1,NA,NA,MAX,NA,REEP3,NA,NA
489,NA,ULK3,ATP6V1E1,NA,NA,RPS27L,NA,NA,AC103591.3,NA,CWC15,NA,NA
490,NA,RPL28,MRPL10,NA,NA,TRIR,NA,NA,PYCARD,NA,SRSF8,NA,NA
491,NA,BSG,SNRPF,NA,NA,MTRNR2L1,NA,NA,ADAM17,NA,RP9,NA,NA
492,NA,AKNA,NEK6,NA,NA,PKM,NA,NA,BBX,NA,ZC3HAV1,NA,NA
493,NA,PTMS,SGK1,NA,NA,ATP5F1E,NA,NA,EMP3,NA,CKS2,NA,NA
494,NA,CHMP5,SFPQ,NA,NA,MT-ND4L,NA,NA,NUDT4,NA,FAM204A,NA,NA
495,NA,ESYT1,DHFR,NA,NA,NDUFA6,NA,NA,IL2RG,NA,TAGAP,NA,NA
496,NA,C5orf15,PRKD3,NA,NA,ATP5MF,NA,NA,KARS,NA,CCT7,NA,NA
497,NA,RAP1A,AP003774.1,NA,NA,PGK1,NA,NA,CSNK1A1,NA,BTK,NA,NA
498,NA,VRK2,GSTZ1,NA,NA,ATP5F1B,NA,NA,IFRD1,NA,ARMCX3,NA,NA
499,NA,ZNF580,HSD17B10,NA,NA,MTRNR2L12,NA,NA,CYBC1,NA,PIM1,NA,NA
500,NA,LGALS1,NDUFA12,NA,NA,YWHAQ,NA,NA,MYLIP,NA,CHCHD1,NA,NA
501,NA,TAGLN2,LSM6,NA,NA,SAT1,NA,NA,TSC22D4,NA,CHD4,NA,NA
502,NA,ICAM3,RUVBL1,NA,NA,ATP5F1D,NA,NA,RARRES3,NA,HIST1H1C,NA,NA
503,NA,BST2,CPSF6,NA,NA,ATP5PF,NA,NA,RAB11FIP1,NA,METTL23,NA,NA
504,NA,PMVK,COPE,NA,NA,ATP6V0C,NA,NA,TTC17,NA,DUSP2,NA,NA
505,NA,CYB5R3,PSMB3,NA,NA,CCL3,NA,NA,DEGS1,NA,DNAJB6,NA,NA
506,NA,MSN,C2orf88,NA,NA,NA,NA,NA,BRD2,NA,NFE2L2,NA,NA
507,NA,C19orf53,SGPP1,NA,NA,NA,NA,NA,POMP,NA,PHAX,NA,NA
508,NA,FAM96A,ILK,NA,NA,NA,NA,NA,PDE4B,NA,NR4A1,NA,NA
509,NA,GBP2,TCEB1,NA,NA,NA,NA,NA,AIDA,NA,DNAJC8,NA,NA
510,NA,HOTAIRM1,HNRNPD,NA,NA,NA,NA,NA,ATP5F1D,NA,PHF1,NA,NA
511,NA,TBC1D22A,TUFM,NA,NA,NA,NA,NA,ABI1,NA,ICAM2,NA,NA
512,NA,WDR83OS,LYN,NA,NA,NA,NA,NA,ATP5PB,NA,GRHPR,NA,NA
513,NA,PCED1B,CD27,NA,NA,NA,NA,NA,GADD45GIP1,NA,GMDS,NA,NA
514,NA,DUSP2,PTAFR,NA,NA,NA,NA,NA,PHF1,NA,SYNE2,NA,NA
515,NA,ELMO1,COX6B1,NA,NA,NA,NA,NA,ID3,NA,NA,NA,NA
516,NA,PSMB8,LMNB1,NA,NA,NA,NA,NA,ATP2B1-AS1,NA,NA,NA,NA
517,NA,ARHGAP30,CHIC2,NA,NA,NA,NA,NA,OARD1,NA,NA,NA,NA
518,NA,FCRL2,PMF1,NA,NA,NA,NA,NA,RTRAF,NA,NA,NA,NA
519,NA,ST3GAL5,FOLR2,NA,NA,NA,NA,NA,PNRC2,NA,NA,NA,NA
520,NA,SEPT9,CARHSP1,NA,NA,NA,NA,NA,ATP5F1B,NA,NA,NA,NA
521,NA,ANKRD44,PRPF38A,NA,NA,NA,NA,NA,SNRPG,NA,NA,NA,NA
522,NA,CD58,NDUFA7,NA,NA,NA,NA,NA,CYTIP,NA,NA,NA,NA
523,NA,TACC1,C4orf3,NA,NA,NA,NA,NA,RBM22,NA,NA,NA,NA
524,NA,UBE2I,THOC7,NA,NA,NA,NA,NA,SFT2D1,NA,NA,NA,NA
525,NA,SUMO3,CCDC109B,NA,NA,NA,NA,NA,PSMA3-AS1,NA,NA,NA,NA
526,NA,INPP5D,SPAG16,NA,NA,NA,NA,NA,SET,NA,NA,NA,NA
527,NA,ASNA1,PSMA7,NA,NA,NA,NA,NA,PSMA5,NA,NA,NA,NA
528,NA,G3BP2,CHCHD2,NA,NA,NA,NA,NA,CGGBP1,NA,NA,NA,NA
529,NA,PXK,CCT5,NA,NA,NA,NA,NA,NMT1,NA,NA,NA,NA
530,NA,VCP,LSM8,NA,NA,NA,NA,NA,RAB8A,NA,NA,NA,NA
531,NA,PSME1,EWSR1,NA,NA,NA,NA,NA,SOCS3,NA,NA,NA,NA
532,NA,COX5B,MILR1,NA,NA,NA,NA,NA,STAT3,NA,NA,NA,NA
533,NA,AL928768.3,RP11-792A8.4,NA,NA,NA,NA,NA,RABEP2,NA,NA,NA,NA
534,NA,PPIA,EIF4H,NA,NA,NA,NA,NA,LMO4,NA,NA,NA,NA
535,NA,ECHS1,FAM103A1,NA,NA,NA,NA,NA,TRA2B,NA,NA,NA,NA
536,NA,RSRP1,SMS,NA,NA,NA,NA,NA,C19orf53,NA,NA,NA,NA
537,NA,DEK,NUSAP1,NA,NA,NA,NA,NA,MIR155HG,NA,NA,NA,NA
538,NA,CAT,AIM2,NA,NA,NA,NA,NA,RHOB,NA,NA,NA,NA
539,NA,ACTN4,KTN1,NA,NA,NA,NA,NA,PRRC2C,NA,NA,NA,NA
540,NA,SUPT4H1,ST14,NA,NA,NA,NA,NA,IKZF3,NA,NA,NA,NA
541,NA,TNIP2,PGAM1,NA,NA,NA,NA,NA,CLK1,NA,NA,NA,NA
542,NA,MAP4K1,DDX39A,NA,NA,NA,NA,NA,EIF4E,NA,NA,NA,NA
543,NA,B3GNT2,PPP1R7,NA,NA,NA,NA,NA,PSMA2,NA,NA,NA,NA
544,NA,EEA1,EHD1,NA,NA,NA,NA,NA,UPF2,NA,NA,NA,NA
545,NA,TAP2,DEK,NA,NA,NA,NA,NA,MTRNR2L12,NA,NA,NA,NA
546,NA,MT1X,ESD,NA,NA,NA,NA,NA,PYURF,NA,NA,NA,NA
547,NA,BAX,MTHFD2,NA,NA,NA,NA,NA,FAM107B,NA,NA,NA,NA
548,NA,MOB3A,MAP1LC3B,NA,NA,NA,NA,NA,CDC42EP3,NA,NA,NA,NA
549,NA,RASSF5,PRMT1,NA,NA,NA,NA,NA,SRRM2,NA,NA,NA,NA
550,NA,CALM3,ATP5G2,NA,NA,NA,NA,NA,AKAP13,NA,NA,NA,NA
551,NA,GMIP,ARHGEF7,NA,NA,NA,NA,NA,ATG12,NA,NA,NA,NA
552,NA,MRPS21,LTB,NA,NA,NA,NA,NA,STT3B,NA,NA,NA,NA
553,NA,SEPW1,IGBP1,NA,NA,NA,NA,NA,LY96,NA,NA,NA,NA
554,NA,SEC11A,SYAP1,NA,NA,NA,NA,NA,NASP,NA,NA,NA,NA
555,NA,SHKBP1,UBE2E1,NA,NA,NA,NA,NA,FCGR2B,NA,NA,NA,NA
556,NA,NMI,IKBKE,NA,NA,NA,NA,NA,FNTA,NA,NA,NA,NA
557,NA,COMMD4,EMG1,NA,NA,NA,NA,NA,RBX1,NA,NA,NA,NA
558,NA,VPS13C,GRSF1,NA,NA,NA,NA,NA,SRSF11,NA,NA,NA,NA
559,NA,VMP1,GINS2,NA,NA,NA,NA,NA,RNH1,NA,NA,NA,NA
560,NA,MPZL1,MSI2,NA,NA,NA,NA,NA,SPPL2A,NA,NA,NA,NA
561,NA,LSM6,PTK2,NA,NA,NA,NA,NA,FMNL1,NA,NA,NA,NA
562,NA,ELK3,NDUFV2,NA,NA,NA,NA,NA,OCIAD2,NA,NA,NA,NA
563,NA,VPS28,MPLKIP,NA,NA,NA,NA,NA,OPTN,NA,NA,NA,NA
564,NA,CORO1B,TIMM13,NA,NA,NA,NA,NA,SARS,NA,NA,NA,NA
565,NA,SLC35B2,FKBP3,NA,NA,NA,NA,NA,MAT2B,NA,NA,NA,NA
566,NA,CDC37,NDUFA11,NA,NA,NA,NA,NA,ARL14EP,NA,NA,NA,NA
567,NA,MACF1,RNGTT,NA,NA,NA,NA,NA,NT5C,NA,NA,NA,NA
568,NA,TMEM14A,SNRPG,NA,NA,NA,NA,NA,SEPT2,NA,NA,NA,NA
569,NA,MYL6B,IL21R,NA,NA,NA,NA,NA,RNMT,NA,NA,NA,NA
570,NA,HLA-DMB,CAPN1,NA,NA,NA,NA,NA,TNRC6B,NA,NA,NA,NA
571,NA,IFITM1,PHAX,NA,NA,NA,NA,NA,SZRD1,NA,NA,NA,NA
572,NA,MIIP,HNRNPA2B1,NA,NA,NA,NA,NA,SERPINB1,NA,NA,NA,NA
573,NA,DOK3,PTRHD1,NA,NA,NA,NA,NA,TGFB1,NA,NA,NA,NA
574,NA,PLP2,SFT2D1,NA,NA,NA,NA,NA,RAB10,NA,NA,NA,NA
575,NA,CYBA,C20orf196,NA,NA,NA,NA,NA,MTRNR2L8,NA,NA,NA,NA
576,NA,PSMB10,MIXL1,NA,NA,NA,NA,NA,FAM192A,NA,NA,NA,NA
577,NA,TXN2,RPAP3,NA,NA,NA,NA,NA,PDCD10,NA,NA,NA,NA
578,NA,GLRX,TPI1,NA,NA,NA,NA,NA,DDX17,NA,NA,NA,NA
579,NA,STAT3,PPP2R5C,NA,NA,NA,NA,NA,LPXN,NA,NA,NA,NA
580,NA,WNK1,SYK,NA,NA,NA,NA,NA,YWHAH,NA,NA,NA,NA
581,NA,MFSD10,CNN2,NA,NA,NA,NA,NA,SCAMP2,NA,NA,NA,NA
582,NA,RPS24,HERPUD1,NA,NA,NA,NA,NA,AKIRIN2,NA,NA,NA,NA
583,NA,CARHSP1,NUBP1,NA,NA,NA,NA,NA,PHPT1,NA,NA,NA,NA
584,NA,AKAP13,PDHB,NA,NA,NA,NA,NA,IDH2,NA,NA,NA,NA
585,NA,PRDX5,TSSC1,NA,NA,NA,NA,NA,SHISA5,NA,NA,NA,NA
586,NA,LRRFIP1,COX7C,NA,NA,NA,NA,NA,PSMA3,NA,NA,NA,NA
587,NA,TNF,ACYP2,NA,NA,NA,NA,NA,SERTAD1,NA,NA,NA,NA
588,NA,PDCD6IP,NUCKS1,NA,NA,NA,NA,NA,USP48,NA,NA,NA,NA
589,NA,OSBPL8,SNF8,NA,NA,NA,NA,NA,YWHAE,NA,NA,NA,NA
590,NA,ATP6V0B,MCOLN2,NA,NA,NA,NA,NA,BTN3A2,NA,NA,NA,NA
591,NA,SH3BGRL,LINC00493,NA,NA,NA,NA,NA,GLRX,NA,NA,NA,NA
592,NA,DUS2,CEP57,NA,NA,NA,NA,NA,ZDHHC12,NA,NA,NA,NA
593,NA,PPP1R12A,GRB2,NA,NA,NA,NA,NA,DNAJB6,NA,NA,NA,NA
594,NA,IFI35,NDUFB8,NA,NA,NA,NA,NA,PFDN2,NA,NA,NA,NA
595,NA,CYTH4,TXNDC17,NA,NA,NA,NA,NA,SF3B2,NA,NA,NA,NA
596,NA,NAAA,15-Sep,NA,NA,NA,NA,NA,EWSR1,NA,NA,NA,NA
597,NA,NDUFB2,HSPA4,NA,NA,NA,NA,NA,HOPX,NA,NA,NA,NA
598,NA,DAPP1,NDUFB1,NA,NA,NA,NA,NA,RER1,NA,NA,NA,NA
599,NA,PSMB3,ATP5D,NA,NA,NA,NA,NA,VMP1,NA,NA,NA,NA
600,NA,FAM107B,SLIRP,NA,NA,NA,NA,NA,RHEB,NA,NA,NA,NA
601,NA,TMA7,TWF2,NA,NA,NA,NA,NA,UBE2V2,NA,NA,NA,NA
602,NA,TMEM50A,CLN6,NA,NA,NA,NA,NA,DECR1,NA,NA,NA,NA
603,NA,PDLIM2,COMMD4,NA,NA,NA,NA,NA,REEP5,NA,NA,NA,NA
604,NA,EMP3,DSTN,NA,NA,NA,NA,NA,NCF4,NA,NA,NA,NA
605,NA,AGPAT2,MTCH2,NA,NA,NA,NA,NA,CEBPB,NA,NA,NA,NA
606,NA,PCSK7,MINOS1,NA,NA,NA,NA,NA,TRAM1,NA,NA,NA,NA
607,NA,MVP,ST20,NA,NA,NA,NA,NA,TCP1,NA,NA,NA,NA
608,NA,ECH1,VASP,NA,NA,NA,NA,NA,PPP4C,NA,NA,NA,NA
609,NA,HLA-F,NOA1,NA,NA,NA,NA,NA,TM9SF2,NA,NA,NA,NA
610,NA,EIF4E2,MEN1,NA,NA,NA,NA,NA,NA,NA,NA,NA,NA
611,NA,CREM,RAP1B,NA,NA,NA,NA,NA,NA,NA,NA,NA,NA
612,NA,CDC42EP3,MAP2K1,NA,NA,NA,NA,NA,NA,NA,NA,NA,NA
613,NA,SPPL2A,MRPS6,NA,NA,NA,NA,NA,NA,NA,NA,NA,NA
614,NA,LY86,DCK,NA,NA,NA,NA,NA,NA,NA,NA,NA,NA
615,NA,WIPF1,CLIC4,NA,NA,NA,NA,NA,NA,NA,NA,NA,NA
616,NA,MPG,CERS4,NA,NA,NA,NA,NA,NA,NA,NA,NA,NA
617,NA,SNAP23,FAM60A,NA,NA,NA,NA,NA,NA,NA,NA,NA,NA
618,NA,PSAP,NDUFC2,NA,NA,NA,NA,NA,NA,NA,NA,NA,NA
619,NA,TNIP1,TMA7,NA,NA,NA,NA,NA,NA,NA,NA,NA,NA
620,NA,C19orf66,MCTS1,NA,NA,NA,NA,NA,NA,NA,NA,NA,NA
621,NA,CD1C,GTF2I,NA,NA,NA,NA,NA,NA,NA,NA,NA,NA
622,NA,NCKAP1L,TSG101,NA,NA,NA,NA,NA,NA,NA,NA,NA,NA
623,NA,C14orf119,ABI3,NA,NA,NA,NA,NA,NA,NA,NA,NA,NA
624,NA,ETNK1,MFHAS1,NA,NA,NA,NA,NA,NA,NA,NA,NA,NA
625,NA,CKS2,PPM1G,NA,NA,NA,NA,NA,NA,NA,NA,NA,NA
626,NA,RPL36AL,PIK3AP1,NA,NA,NA,NA,NA,NA,NA,NA,NA,NA
627,NA,IDS,PSMD6,NA,NA,NA,NA,NA,NA,NA,NA,NA,NA
628,NA,UNC119,SERBP1,NA,NA,NA,NA,NA,NA,NA,NA,NA,NA
629,NA,SAMSN1,C19orf43,NA,NA,NA,NA,NA,NA,NA,NA,NA,NA
630,NA,SCAF11,ARGLU1,NA,NA,NA,NA,NA,NA,NA,NA,NA,NA
631,NA,VPS35,MGEA5,NA,NA,NA,NA,NA,NA,NA,NA,NA,NA
632,NA,PTRHD1,NKTR,NA,NA,NA,NA,NA,NA,NA,NA,NA,NA
633,NA,SYTL1,PARK7,NA,NA,NA,NA,NA,NA,NA,NA,NA,NA
634,NA,BIN2,GRAP,NA,NA,NA,NA,NA,NA,NA,NA,NA,NA
635,NA,CDV3,MMADHC,NA,NA,NA,NA,NA,NA,NA,NA,NA,NA
636,NA,SNRNP25,BZW1,NA,NA,NA,NA,NA,NA,NA,NA,NA,NA
637,NA,GYPC,ARMT1,NA,NA,NA,NA,NA,NA,NA,NA,NA,NA
638,NA,PARP14,GTF2H5,NA,NA,NA,NA,NA,NA,NA,NA,NA,NA
639,NA,DUSP10,CYB5R3,NA,NA,NA,NA,NA,NA,NA,NA,NA,NA
640,NA,NDUFA12,TIFA,NA,NA,NA,NA,NA,NA,NA,NA,NA,NA
641,NA,ARID4B,NSRP1,NA,NA,NA,NA,NA,NA,NA,NA,NA,NA
642,NA,MICAL1,RUFY3,NA,NA,NA,NA,NA,NA,NA,NA,NA,NA
643,NA,ERICH1,EIF3F,NA,NA,NA,NA,NA,NA,NA,NA,NA,NA
644,NA,UBE2L3,FABP5,NA,NA,NA,NA,NA,NA,NA,NA,NA,NA
645,NA,LYN,LYRM4,NA,NA,NA,NA,NA,NA,NA,NA,NA,NA
646,NA,TPP1,RPA1,NA,NA,NA,NA,NA,NA,NA,NA,NA,NA
647,NA,APBB1IP,UBE2N,NA,NA,NA,NA,NA,NA,NA,NA,NA,NA
648,NA,LDHA,GNB2,NA,NA,NA,NA,NA,NA,NA,NA,NA,NA
649,NA,FLOT2,ACTR10,NA,NA,NA,NA,NA,NA,NA,NA,NA,NA
650,NA,TAOK3,OLA1,NA,NA,NA,NA,NA,NA,NA,NA,NA,NA
651,NA,MIR4435-2HG,SHKBP1,NA,NA,NA,NA,NA,NA,NA,NA,NA,NA
652,NA,HDAC3,CHURC1,NA,NA,NA,NA,NA,NA,NA,NA,NA,NA
653,NA,RAB27A,CPSF3L,NA,NA,NA,NA,NA,NA,NA,NA,NA,NA
654,NA,GEMIN7,ATP6V0D1,NA,NA,NA,NA,NA,NA,NA,NA,NA,NA
655,NA,ATP2A3,SDHC,NA,NA,NA,NA,NA,NA,NA,NA,NA,NA
656,NA,PPP2R1A,EIF4E2,NA,NA,NA,NA,NA,NA,NA,NA,NA,NA
657,NA,ELOVL5,LINC00467,NA,NA,NA,NA,NA,NA,NA,NA,NA,NA
658,NA,LDHB,HELLS,NA,NA,NA,NA,NA,NA,NA,NA,NA,NA
659,NA,PSMA7,SEPT2,NA,NA,NA,NA,NA,NA,NA,NA,NA,NA
660,NA,LAP3,CTNNBL1,NA,NA,NA,NA,NA,NA,NA,NA,NA,NA
661,NA,LY96,CLEC2D,NA,NA,NA,NA,NA,NA,NA,NA,NA,NA
662,NA,SETX,NDUFAB1,NA,NA,NA,NA,NA,NA,NA,NA,NA,NA
663,NA,CALM1,PDIA3,NA,NA,NA,NA,NA,NA,NA,NA,NA,NA
664,NA,RAPGEF1,MZT2B,NA,NA,NA,NA,NA,NA,NA,NA,NA,NA
665,NA,PARP1,GOT2,NA,NA,NA,NA,NA,NA,NA,NA,NA,NA
666,NA,TSPAN3,FAM49B,NA,NA,NA,NA,NA,NA,NA,NA,NA,NA
667,NA,1-Mar,AHSA1,NA,NA,NA,NA,NA,NA,NA,NA,NA,NA
668,NA,M6PR,BLNK,NA,NA,NA,NA,NA,NA,NA,NA,NA,NA
669,NA,YWHAB,CAMK2D,NA,NA,NA,NA,NA,NA,NA,NA,NA,NA
670,NA,ANXA7,RGS1,NA,NA,NA,NA,NA,NA,NA,NA,NA,NA
671,NA,CNPPD1,CHMP2A,NA,NA,NA,NA,NA,NA,NA,NA,NA,NA
672,NA,DOK2,MDFIC,NA,NA,NA,NA,NA,NA,NA,NA,NA,NA
673,NA,BAZ1A,PSMD4,NA,NA,NA,NA,NA,NA,NA,NA,NA,NA
674,NA,PTDSS1,NDUFS6,NA,NA,NA,NA,NA,NA,NA,NA,NA,NA
675,NA,SCP2,MCM5,NA,NA,NA,NA,NA,NA,NA,NA,NA,NA
676,NA,CDC123,PSMD8,NA,NA,NA,NA,NA,NA,NA,NA,NA,NA
677,NA,CYTOR,QSOX2,NA,NA,NA,NA,NA,NA,NA,NA,NA,NA
678,NA,NEDD8,BUD31,NA,NA,NA,NA,NA,NA,NA,NA,NA,NA
679,NA,MBNL1,INO80C,NA,NA,NA,NA,NA,NA,NA,NA,NA,NA
680,NA,UFC1,DNAJC7,NA,NA,NA,NA,NA,NA,NA,NA,NA,NA
681,NA,RILPL2,PGK1,NA,NA,NA,NA,NA,NA,NA,NA,NA,NA
682,NA,BAK1,HMGN3,NA,NA,NA,NA,NA,NA,NA,NA,NA,NA
683,NA,SVBP,DNAJC8,NA,NA,NA,NA,NA,NA,NA,NA,NA,NA
684,NA,PLAC8,EHMT1,NA,NA,NA,NA,NA,NA,NA,NA,NA,NA
685,NA,NUCB1,GPR137B,NA,NA,NA,NA,NA,NA,NA,NA,NA,NA
686,NA,TRIM22,MRPS14,NA,NA,NA,NA,NA,NA,NA,NA,NA,NA
687,NA,SNRPG,RMDN1,NA,NA,NA,NA,NA,NA,NA,NA,NA,NA
688,NA,FNBP1,USP7,NA,NA,NA,NA,NA,NA,NA,NA,NA,NA
689,NA,TMEM109,UQCRB,NA,NA,NA,NA,NA,NA,NA,NA,NA,NA
690,NA,ARPP19,ELK3,NA,NA,NA,NA,NA,NA,NA,NA,NA,NA
691,NA,C1orf43,HSP90AA1,NA,NA,NA,NA,NA,NA,NA,NA,NA,NA
692,NA,SZRD1,PSMB4,NA,NA,NA,NA,NA,NA,NA,NA,NA,NA
693,NA,SEPT1,C12orf49,NA,NA,NA,NA,NA,NA,NA,NA,NA,NA
694,NA,VPS29,PHF5A,NA,NA,NA,NA,NA,NA,NA,NA,NA,NA
695,NA,ARID5B,THRAP3,NA,NA,NA,NA,NA,NA,NA,NA,NA,NA
696,NA,SLC25A5,BABAM1,NA,NA,NA,NA,NA,NA,NA,NA,NA,NA
697,NA,GLIPR2,MMP24-AS1,NA,NA,NA,NA,NA,NA,NA,NA,NA,NA
698,NA,FBXO7,HLA-DOB,NA,NA,NA,NA,NA,NA,NA,NA,NA,NA
699,NA,OTUB1,ARID4B,NA,NA,NA,NA,NA,NA,NA,NA,NA,NA
700,NA,RAN,COX7A2L,NA,NA,NA,NA,NA,NA,NA,NA,NA,NA
701,NA,TPR,C6orf48,NA,NA,NA,NA,NA,NA,NA,NA,NA,NA
702,NA,TADA3,NDUFA1,NA,NA,NA,NA,NA,NA,NA,NA,NA,NA
703,NA,SFT2D1,TRAF4,NA,NA,NA,NA,NA,NA,NA,NA,NA,NA
704,NA,SUMO1,PPP2R1A,NA,NA,NA,NA,NA,NA,NA,NA,NA,NA
705,NA,GUK1,CDK2AP2,NA,NA,NA,NA,NA,NA,NA,NA,NA,NA
706,NA,SND1,RAB3GAP2,NA,NA,NA,NA,NA,NA,NA,NA,NA,NA
707,NA,APH1A,C17orf89,NA,NA,NA,NA,NA,NA,NA,NA,NA,NA
708,NA,MYCBP2,ACO2,NA,NA,NA,NA,NA,NA,NA,NA,NA,NA
709,NA,WAS,NIN,NA,NA,NA,NA,NA,NA,NA,NA,NA,NA
710,NA,RAP1B,POLR1D,NA,NA,NA,NA,NA,NA,NA,NA,NA,NA
711,NA,ATP2B1,ATP5H,NA,NA,NA,NA,NA,NA,NA,NA,NA,NA
712,NA,YWHAH,ARF5,NA,NA,NA,NA,NA,NA,NA,NA,NA,NA
713,NA,ATP8A1,DAZAP1,NA,NA,NA,NA,NA,NA,NA,NA,NA,NA
714,NA,TMUB1,C11orf73,NA,NA,NA,NA,NA,NA,NA,NA,NA,NA
715,NA,SMC4,TCEAL8,NA,NA,NA,NA,NA,NA,NA,NA,NA,NA
716,NA,RALY,LINC01420,NA,NA,NA,NA,NA,NA,NA,NA,NA,NA
717,NA,GTF3C6,CBWD5,NA,NA,NA,NA,NA,NA,NA,NA,NA,NA
718,NA,NDUFV2,ADSL,NA,NA,NA,NA,NA,NA,NA,NA,NA,NA
719,NA,ANXA11,POLR2J,NA,NA,NA,NA,NA,NA,NA,NA,NA,NA
720,NA,SERBP1,ACSF3,NA,NA,NA,NA,NA,NA,NA,NA,NA,NA
721,NA,SELENOW,IL4I1,NA,NA,NA,NA,NA,NA,NA,NA,NA,NA
722,NA,PSMB1,COX17,NA,NA,NA,NA,NA,NA,NA,NA,NA,NA
723,NA,MRPL41,AL928768.3,NA,NA,NA,NA,NA,NA,NA,NA,NA,NA
724,NA,SELENOH,LARP7,NA,NA,NA,NA,NA,NA,NA,NA,NA,NA
725,NA,RBX1,RAB4B,NA,NA,NA,NA,NA,NA,NA,NA,NA,NA
726,NA,RAB7A,TMEM161A,NA,NA,NA,NA,NA,NA,NA,NA,NA,NA
727,NA,RP5-1171I10.5,USP6NL,NA,NA,NA,NA,NA,NA,NA,NA,NA,NA
728,NA,SS18L2,SS18,NA,NA,NA,NA,NA,NA,NA,NA,NA,NA
729,NA,HNRNPF,PSMB7,NA,NA,NA,NA,NA,NA,NA,NA,NA,NA
730,NA,KDM5A,ZNF141,NA,NA,NA,NA,NA,NA,NA,NA,NA,NA
731,NA,GMFG,SYF2,NA,NA,NA,NA,NA,NA,NA,NA,NA,NA
732,NA,LNPEP,POLR2L,NA,NA,NA,NA,NA,NA,NA,NA,NA,NA
733,NA,PSMG2,STRAP,NA,NA,NA,NA,NA,NA,NA,NA,NA,NA
734,NA,CAPZA1,CD72,NA,NA,NA,NA,NA,NA,NA,NA,NA,NA
735,NA,FKBP1A,C2orf76,NA,NA,NA,NA,NA,NA,NA,NA,NA,NA
736,NA,IDI1,MRPL23,NA,NA,NA,NA,NA,NA,NA,NA,NA,NA
737,NA,AC004687.1,SNU13,NA,NA,NA,NA,NA,NA,NA,NA,NA,NA
738,NA,VAMP8,CIRBP,NA,NA,NA,NA,NA,NA,NA,NA,NA,NA
739,NA,RNF166,SNRPB2,NA,NA,NA,NA,NA,NA,NA,NA,NA,NA
740,NA,B4GALT1,ETFB,NA,NA,NA,NA,NA,NA,NA,NA,NA,NA
741,NA,PBXIP1,SNRPD3,NA,NA,NA,NA,NA,NA,NA,NA,NA,NA
742,NA,TMUB2,MDH2,NA,NA,NA,NA,NA,NA,NA,NA,NA,NA
743,NA,CLTA,NAA38,NA,NA,NA,NA,NA,NA,NA,NA,NA,NA
744,NA,ACAA1,WBSCR22,NA,NA,NA,NA,NA,NA,NA,NA,NA,NA
745,NA,PIP4K2A,MRPL13,NA,NA,NA,NA,NA,NA,NA,NA,NA,NA
746,NA,KLF6,ANAPC15,NA,NA,NA,NA,NA,NA,NA,NA,NA,NA
747,NA,CCT8,TXNDC9,NA,NA,NA,NA,NA,NA,NA,NA,NA,NA
748,NA,SP100,MGME1,NA,NA,NA,NA,NA,NA,NA,NA,NA,NA
749,NA,UBE2D3,HSPBP1,NA,NA,NA,NA,NA,NA,NA,NA,NA,NA
750,NA,APOBEC3G,RABEP1,NA,NA,NA,NA,NA,NA,NA,NA,NA,NA
751,NA,UQCR10,SMC4,NA,NA,NA,NA,NA,NA,NA,NA,NA,NA
752,NA,MTCH2,MRPL35,NA,NA,NA,NA,NA,NA,NA,NA,NA,NA
753,NA,NRBP1,KLHL5,NA,NA,NA,NA,NA,NA,NA,NA,NA,NA
754,NA,CHMP2A,NCOA7,NA,NA,NA,NA,NA,NA,NA,NA,NA,NA
755,NA,SDF2,RBM3,NA,NA,NA,NA,NA,NA,NA,NA,NA,NA
756,NA,CD70,SRSF10,NA,NA,NA,NA,NA,NA,NA,NA,NA,NA
757,NA,GABARAP,SYNCRIP,NA,NA,NA,NA,NA,NA,NA,NA,NA,NA
758,NA,SNRPD3,OSBPL9,NA,NA,NA,NA,NA,NA,NA,NA,NA,NA
759,NA,YPEL3,ATP5G1,NA,NA,NA,NA,NA,NA,NA,NA,NA,NA
760,NA,AIP,RBM38,NA,NA,NA,NA,NA,NA,NA,NA,NA,NA
761,NA,SLC25A39,DNAJB2,NA,NA,NA,NA,NA,NA,NA,NA,NA,NA
762,NA,VSIR,NAP1L1,NA,NA,NA,NA,NA,NA,NA,NA,NA,NA
763,NA,CBX3,TRAC,NA,NA,NA,NA,NA,NA,NA,NA,NA,NA
764,NA,WARS,NDUFC1,NA,NA,NA,NA,NA,NA,NA,NA,NA,NA
765,NA,PTPN2,SNRPB,NA,NA,NA,NA,NA,NA,NA,NA,NA,NA
766,NA,ATP1A1,MRPL52,NA,NA,NA,NA,NA,NA,NA,NA,NA,NA
767,NA,PAK2,TNFRSF13C,NA,NA,NA,NA,NA,NA,NA,NA,NA,NA
768,NA,NAPA,URM1,NA,NA,NA,NA,NA,NA,NA,NA,NA,NA
769,NA,PSMB2,NDUFB2,NA,NA,NA,NA,NA,NA,NA,NA,NA,NA
770,NA,COX7A2L,MYL6B,NA,NA,NA,NA,NA,NA,NA,NA,NA,NA
771,NA,COPE,CSNK1A1,NA,NA,NA,NA,NA,NA,NA,NA,NA,NA
772,NA,PHB,AP2M1,NA,NA,NA,NA,NA,NA,NA,NA,NA,NA
773,NA,BAG1,FAM104B,NA,NA,NA,NA,NA,NA,NA,NA,NA,NA
774,NA,SH3KBP1,USP12,NA,NA,NA,NA,NA,NA,NA,NA,NA,NA
775,NA,DNAJC15,FAM107B,NA,NA,NA,NA,NA,NA,NA,NA,NA,NA
776,NA,FABP5,DGUOK,NA,NA,NA,NA,NA,NA,NA,NA,NA,NA
777,NA,NR4A2,IARS2,NA,NA,NA,NA,NA,NA,NA,NA,NA,NA
778,NA,PARK7,PUF60,NA,NA,NA,NA,NA,NA,NA,NA,NA,NA
779,NA,NDUFA13,LILRB1,NA,NA,NA,NA,NA,NA,NA,NA,NA,NA
780,NA,DPP7,SNX3,NA,NA,NA,NA,NA,NA,NA,NA,NA,NA
781,NA,JOSD2,LRRK1,NA,NA,NA,NA,NA,NA,NA,NA,NA,NA
782,NA,PRRC2C,ATP5SL,NA,NA,NA,NA,NA,NA,NA,NA,NA,NA
783,NA,PSMA5,HACD2,NA,NA,NA,NA,NA,NA,NA,NA,NA,NA
784,NA,SPAG7,SNX8,NA,NA,NA,NA,NA,NA,NA,NA,NA,NA
785,NA,PRKAR1A,MAP4K2,NA,NA,NA,NA,NA,NA,NA,NA,NA,NA
786,NA,TAX1BP1,CPSF3,NA,NA,NA,NA,NA,NA,NA,NA,NA,NA
787,NA,RASSF1,NUDT21,NA,NA,NA,NA,NA,NA,NA,NA,NA,NA
788,NA,S1PR4,RPL26L1,NA,NA,NA,NA,NA,NA,NA,NA,NA,NA
789,NA,PPM1G,EIF2B1,NA,NA,NA,NA,NA,NA,NA,NA,NA,NA
790,NA,SCAND1,MX1,NA,NA,NA,NA,NA,NA,NA,NA,NA,NA
791,NA,MIEN1,MRPL47,NA,NA,NA,NA,NA,NA,NA,NA,NA,NA
792,NA,YPEL5,ATP8A1,NA,NA,NA,NA,NA,NA,NA,NA,NA,NA
793,NA,MRPS36,SGMS1,NA,NA,NA,NA,NA,NA,NA,NA,NA,NA
794,NA,RAB1B,TMEM159,NA,NA,NA,NA,NA,NA,NA,NA,NA,NA
795,NA,NDUFB5,MRPL9,NA,NA,NA,NA,NA,NA,NA,NA,NA,NA
796,NA,LMNA,SNRPC,NA,NA,NA,NA,NA,NA,NA,NA,NA,NA
797,NA,TXNL1,CASP3,NA,NA,NA,NA,NA,NA,NA,NA,NA,NA
798,NA,NDUFB1,PASK,NA,NA,NA,NA,NA,NA,NA,NA,NA,NA
799,NA,TROVE2,ARPC5L,NA,NA,NA,NA,NA,NA,NA,NA,NA,NA
800,NA,ROMO1,NIP7,NA,NA,NA,NA,NA,NA,NA,NA,NA,NA
801,NA,ETFA,MED28,NA,NA,NA,NA,NA,NA,NA,NA,NA,NA
802,NA,DDX17,PAIP2,NA,NA,NA,NA,NA,NA,NA,NA,NA,NA
803,NA,LAMTOR1,PLEKHF2,NA,NA,NA,NA,NA,NA,NA,NA,NA,NA
804,NA,UPF2,CCT4,NA,NA,NA,NA,NA,NA,NA,NA,NA,NA
805,NA,RNF181,RAD17,NA,NA,NA,NA,NA,NA,NA,NA,NA,NA
806,NA,GPX1,RBM42,NA,NA,NA,NA,NA,NA,NA,NA,NA,NA
807,NA,KRAS,UBL5,NA,NA,NA,NA,NA,NA,NA,NA,NA,NA
808,NA,CD83,RELB,NA,NA,NA,NA,NA,NA,NA,NA,NA,NA
809,NA,GM2A,JAK1,NA,NA,NA,NA,NA,NA,NA,NA,NA,NA
810,NA,MRPL51,ATP6V1G1,NA,NA,NA,NA,NA,NA,NA,NA,NA,NA
811,NA,FAM96B,TAF12,NA,NA,NA,NA,NA,NA,NA,NA,NA,NA
812,NA,GLIPR1,ICT1,NA,NA,NA,NA,NA,NA,NA,NA,NA,NA
813,NA,RGCC,ETFA,NA,NA,NA,NA,NA,NA,NA,NA,NA,NA
814,NA,LYPLA1,NEDD8,NA,NA,NA,NA,NA,NA,NA,NA,NA,NA
815,NA,AC025164.1,WAS,NA,NA,NA,NA,NA,NA,NA,NA,NA,NA
816,NA,CAPZA2,SVBP,NA,NA,NA,NA,NA,NA,NA,NA,NA,NA
817,NA,MTRNR2L8,SUMO1,NA,NA,NA,NA,NA,NA,NA,NA,NA,NA
818,NA,ZNF655,MRPL32,NA,NA,NA,NA,NA,NA,NA,NA,NA,NA
819,NA,RER1,THOC2,NA,NA,NA,NA,NA,NA,NA,NA,NA,NA
820,NA,ARGLU1,POLR2J3,NA,NA,NA,NA,NA,NA,NA,NA,NA,NA
821,NA,TIMM8B,ALOX5,NA,NA,NA,NA,NA,NA,NA,NA,NA,NA
822,NA,HSBP1,CHCHD1,NA,NA,NA,NA,NA,NA,NA,NA,NA,NA
823,NA,HLA-DQA2,COPS4,NA,NA,NA,NA,NA,NA,NA,NA,NA,NA
824,NA,U2AF1L4,ANKRD26,NA,NA,NA,NA,NA,NA,NA,NA,NA,NA
825,NA,DNAJB6,FAM58A,NA,NA,NA,NA,NA,NA,NA,NA,NA,NA
826,NA,TMEM160,DUSP10,NA,NA,NA,NA,NA,NA,NA,NA,NA,NA
827,NA,MTRNR2L12,CD19,NA,NA,NA,NA,NA,NA,NA,NA,NA,NA
828,NA,POLR1D,EED,NA,NA,NA,NA,NA,NA,NA,NA,NA,NA
829,NA,FCGRT,TMEM156,NA,NA,NA,NA,NA,NA,NA,NA,NA,NA
830,NA,NT5C3A,UQCRH,NA,NA,NA,NA,NA,NA,NA,NA,NA,NA
831,NA,DYNLT1,RP11-16E12.2,NA,NA,NA,NA,NA,NA,NA,NA,NA,NA
832,NA,GOLGA7,MZT2A,NA,NA,NA,NA,NA,NA,NA,NA,NA,NA
833,NA,MZT2A,GYPC,NA,NA,NA,NA,NA,NA,NA,NA,NA,NA
834,NA,TMEM219,NDFIP2,NA,NA,NA,NA,NA,NA,NA,NA,NA,NA
835,NA,TMEM256,ZNF827,NA,NA,NA,NA,NA,NA,NA,NA,NA,NA
836,NA,AKIRIN2,ZNF207,NA,NA,NA,NA,NA,NA,NA,NA,NA,NA
837,NA,POLR2E,ACAP2,NA,NA,NA,NA,NA,NA,NA,NA,NA,NA
838,NA,BUD31,SEC62,NA,NA,NA,NA,NA,NA,NA,NA,NA,NA
839,NA,BID,NCOA3,NA,NA,NA,NA,NA,NA,NA,NA,NA,NA
840,NA,DYNLRB1,PRKRA,NA,NA,NA,NA,NA,NA,NA,NA,NA,NA
841,NA,ATP5MC2,FAM207A,NA,NA,NA,NA,NA,NA,NA,NA,NA,NA
842,NA,DNAJC4,CCDC53,NA,NA,NA,NA,NA,NA,NA,NA,NA,NA
843,NA,SELT,DNAJC15,NA,NA,NA,NA,NA,NA,NA,NA,NA,NA
844,NA,DNAJA1,IAH1,NA,NA,NA,NA,NA,NA,NA,NA,NA,NA
845,NA,ASAH1,FUBP1,NA,NA,NA,NA,NA,NA,NA,NA,NA,NA
846,NA,C8orf59,MRPL28,NA,NA,NA,NA,NA,NA,NA,NA,NA,NA
847,NA,MINOS1,GTF2E2,NA,NA,NA,NA,NA,NA,NA,NA,NA,NA
848,NA,TUBA4A,EIF2S2,NA,NA,NA,NA,NA,NA,NA,NA,NA,NA
849,NA,MCUB,TMEM129,NA,NA,NA,NA,NA,NA,NA,NA,NA,NA
850,NA,NDUFA2,RAB30,NA,NA,NA,NA,NA,NA,NA,NA,NA,NA
851,NA,ATP5F1C,TMEM243,NA,NA,NA,NA,NA,NA,NA,NA,NA,NA
852,NA,STMP1,ETS1,NA,NA,NA,NA,NA,NA,NA,NA,NA,NA
853,NA,ZFP36,ECH1,NA,NA,NA,NA,NA,NA,NA,NA,NA,NA
854,NA,NDUFB11,MRPL4,NA,NA,NA,NA,NA,NA,NA,NA,NA,NA
855,NA,REL,CNDP2,NA,NA,NA,NA,NA,NA,NA,NA,NA,NA
856,NA,S100A4,WDR18,NA,NA,NA,NA,NA,NA,NA,NA,NA,NA
857,NA,MLF2,IPO5,NA,NA,NA,NA,NA,NA,NA,NA,NA,NA
858,NA,HSPH1,MRPL27,NA,NA,NA,NA,NA,NA,NA,NA,NA,NA
859,NA,HSPB1,S100A10,NA,NA,NA,NA,NA,NA,NA,NA,NA,NA
860,NA,ATP5F1E,COMMD8,NA,NA,NA,NA,NA,NA,NA,NA,NA,NA
861,NA,NR4A1,GGNBP2,NA,NA,NA,NA,NA,NA,NA,NA,NA,NA
862,NA,CYBC1,VPS25,NA,NA,NA,NA,NA,NA,NA,NA,NA,NA
863,NA,C11orf31,SLC25A6,NA,NA,NA,NA,NA,NA,NA,NA,NA,NA
864,NA,AHNAK,HNRNPF,NA,NA,NA,NA,NA,NA,NA,NA,NA,NA
865,NA,CCDC167,TPGS2,NA,NA,NA,NA,NA,NA,NA,NA,NA,NA
866,NA,ATP5MG,HYPK,NA,NA,NA,NA,NA,NA,NA,NA,NA,NA
867,NA,ATP5G2,CCT2,NA,NA,NA,NA,NA,NA,NA,NA,NA,NA
868,NA,PPA1,ARL2BP,NA,NA,NA,NA,NA,NA,NA,NA,NA,NA
869,NA,SEM1,GLRX5,NA,NA,NA,NA,NA,NA,NA,NA,NA,NA
870,NA,ATP5PB,NME1,NA,NA,NA,NA,NA,NA,NA,NA,NA,NA
871,NA,ATP5MF,MAGOH,NA,NA,NA,NA,NA,NA,NA,NA,NA,NA
872,NA,ATP5E,DUSP2,NA,NA,NA,NA,NA,NA,NA,NA,NA,NA
873,NA,ATP5MD,HAUS1,NA,NA,NA,NA,NA,NA,NA,NA,NA,NA
874,NA,ATP5MC3,SMDT1,NA,NA,NA,NA,NA,NA,NA,NA,NA,NA
875,NA,NME2,EIF3M,NA,NA,NA,NA,NA,NA,NA,NA,NA,NA
876,NA,FAM177A1,GNG5,NA,NA,NA,NA,NA,NA,NA,NA,NA,NA
877,NA,ANKRD28,CHRAC1,NA,NA,NA,NA,NA,NA,NA,NA,NA,NA
878,NA,ELOB,TMEM256,NA,NA,NA,NA,NA,NA,NA,NA,NA,NA
879,NA,RTRAF,KLC1,NA,NA,NA,NA,NA,NA,NA,NA,NA,NA
880,NA,SELENOT,EIF3L,NA,NA,NA,NA,NA,NA,NA,NA,NA,NA
881,NA,ATP5PD,MRPL48,NA,NA,NA,NA,NA,NA,NA,NA,NA,NA
882,NA,TRIR,SNX29,NA,NA,NA,NA,NA,NA,NA,NA,NA,NA
883,NA,MT-ND4L,MDM4,NA,NA,NA,NA,NA,NA,NA,NA,NA,NA
884,NA,NA,SNRNP70,NA,NA,NA,NA,NA,NA,NA,NA,NA,NA
885,NA,NA,NACA2,NA,NA,NA,NA,NA,NA,NA,NA,NA,NA
886,NA,NA,XRCC6,NA,NA,NA,NA,NA,NA,NA,NA,NA,NA
887,NA,NA,CCND3,NA,NA,NA,NA,NA,NA,NA,NA,NA,NA
888,NA,NA,UQCRFS1,NA,NA,NA,NA,NA,NA,NA,NA,NA,NA
889,NA,NA,C1QBP,NA,NA,NA,NA,NA,NA,NA,NA,NA,NA
890,NA,NA,PTS,NA,NA,NA,NA,NA,NA,NA,NA,NA,NA
891,NA,NA,ELAVL1,NA,NA,NA,NA,NA,NA,NA,NA,NA,NA
892,NA,NA,UBA2,NA,NA,NA,NA,NA,NA,NA,NA,NA,NA
893,NA,NA,PNN,NA,NA,NA,NA,NA,NA,NA,NA,NA,NA
894,NA,NA,ELP6,NA,NA,NA,NA,NA,NA,NA,NA,NA,NA
895,NA,NA,BLOC1S2,NA,NA,NA,NA,NA,NA,NA,NA,NA,NA
896,NA,NA,UQCRHL,NA,NA,NA,NA,NA,NA,NA,NA,NA,NA
897,NA,NA,ATOX1,NA,NA,NA,NA,NA,NA,NA,NA,NA,NA
898,NA,NA,UGP2,NA,NA,NA,NA,NA,NA,NA,NA,NA,NA
899,NA,NA,NAA50,NA,NA,NA,NA,NA,NA,NA,NA,NA,NA
900,NA,NA,COX8A,NA,NA,NA,NA,NA,NA,NA,NA,NA,NA
901,NA,NA,PMPCB,NA,NA,NA,NA,NA,NA,NA,NA,NA,NA
902,NA,NA,MYL12A,NA,NA,NA,NA,NA,NA,NA,NA,NA,NA
903,NA,NA,PSMD3,NA,NA,NA,NA,NA,NA,NA,NA,NA,NA
904,NA,NA,DAXX,NA,NA,NA,NA,NA,NA,NA,NA,NA,NA
905,NA,NA,PSMB6,NA,NA,NA,NA,NA,NA,NA,NA,NA,NA
906,NA,NA,COMMD3,NA,NA,NA,NA,NA,NA,NA,NA,NA,NA
907,NA,NA,COMMD10,NA,NA,NA,NA,NA,NA,NA,NA,NA,NA
908,NA,NA,HLA-DQA1,NA,NA,NA,NA,NA,NA,NA,NA,NA,NA
909,NA,NA,RRAGA,NA,NA,NA,NA,NA,NA,NA,NA,NA,NA
910,NA,NA,PPA1,NA,NA,NA,NA,NA,NA,NA,NA,NA,NA
911,NA,NA,PSMC1,NA,NA,NA,NA,NA,NA,NA,NA,NA,NA
912,NA,NA,RPA3,NA,NA,NA,NA,NA,NA,NA,NA,NA,NA
913,NA,NA,UBE2D3,NA,NA,NA,NA,NA,NA,NA,NA,NA,NA
914,NA,NA,TRAF1,NA,NA,NA,NA,NA,NA,NA,NA,NA,NA
915,NA,NA,POLD4,NA,NA,NA,NA,NA,NA,NA,NA,NA,NA
916,NA,NA,MTHFS,NA,NA,NA,NA,NA,NA,NA,NA,NA,NA
917,NA,NA,SMARCC1,NA,NA,NA,NA,NA,NA,NA,NA,NA,NA
918,NA,NA,NEK8,NA,NA,NA,NA,NA,NA,NA,NA,NA,NA
919,NA,NA,USP22,NA,NA,NA,NA,NA,NA,NA,NA,NA,NA
920,NA,NA,LYRM1,NA,NA,NA,NA,NA,NA,NA,NA,NA,NA
921,NA,NA,PSMD14,NA,NA,NA,NA,NA,NA,NA,NA,NA,NA
922,NA,NA,SET,NA,NA,NA,NA,NA,NA,NA,NA,NA,NA
923,NA,NA,RPL4,NA,NA,NA,NA,NA,NA,NA,NA,NA,NA
924,NA,NA,HIGD1A,NA,NA,NA,NA,NA,NA,NA,NA,NA,NA
925,NA,NA,FAM96B,NA,NA,NA,NA,NA,NA,NA,NA,NA,NA
926,NA,NA,DHX15,NA,NA,NA,NA,NA,NA,NA,NA,NA,NA
927,NA,NA,NONO,NA,NA,NA,NA,NA,NA,NA,NA,NA,NA
928,NA,NA,KPNA2,NA,NA,NA,NA,NA,NA,NA,NA,NA,NA
929,NA,NA,G3BP1,NA,NA,NA,NA,NA,NA,NA,NA,NA,NA
930,NA,NA,TBCB,NA,NA,NA,NA,NA,NA,NA,NA,NA,NA
931,NA,NA,LNPEP,NA,NA,NA,NA,NA,NA,NA,NA,NA,NA
932,NA,NA,ILF2,NA,NA,NA,NA,NA,NA,NA,NA,NA,NA
933,NA,NA,NOB1,NA,NA,NA,NA,NA,NA,NA,NA,NA,NA
934,NA,NA,CCT6A,NA,NA,NA,NA,NA,NA,NA,NA,NA,NA
935,NA,NA,GABARAPL2,NA,NA,NA,NA,NA,NA,NA,NA,NA,NA
936,NA,NA,PMAIP1,NA,NA,NA,NA,NA,NA,NA,NA,NA,NA
937,NA,NA,RAP1A,NA,NA,NA,NA,NA,NA,NA,NA,NA,NA
938,NA,NA,RAB30-AS1,NA,NA,NA,NA,NA,NA,NA,NA,NA,NA
939,NA,NA,SMCO4,NA,NA,NA,NA,NA,NA,NA,NA,NA,NA
940,NA,NA,PSMA5,NA,NA,NA,NA,NA,NA,NA,NA,NA,NA
941,NA,NA,RAB11FIP1,NA,NA,NA,NA,NA,NA,NA,NA,NA,NA
942,NA,NA,C16orf87,NA,NA,NA,NA,NA,NA,NA,NA,NA,NA
943,NA,NA,FCRL3,NA,NA,NA,NA,NA,NA,NA,NA,NA,NA
944,NA,NA,MRPL37,NA,NA,NA,NA,NA,NA,NA,NA,NA,NA
945,NA,NA,SREBF2,NA,NA,NA,NA,NA,NA,NA,NA,NA,NA
946,NA,NA,RBM17,NA,NA,NA,NA,NA,NA,NA,NA,NA,NA
947,NA,NA,MTX1,NA,NA,NA,NA,NA,NA,NA,NA,NA,NA
948,NA,NA,CNP,NA,NA,NA,NA,NA,NA,NA,NA,NA,NA
949,NA,NA,MKNK2,NA,NA,NA,NA,NA,NA,NA,NA,NA,NA
950,NA,NA,RAB11A,NA,NA,NA,NA,NA,NA,NA,NA,NA,NA
951,NA,NA,AMD1,NA,NA,NA,NA,NA,NA,NA,NA,NA,NA
952,NA,NA,CCDC167,NA,NA,NA,NA,NA,NA,NA,NA,NA,NA
953,NA,NA,UPF3A,NA,NA,NA,NA,NA,NA,NA,NA,NA,NA
954,NA,NA,POLR2E,NA,NA,NA,NA,NA,NA,NA,NA,NA,NA
955,NA,NA,FIBP,NA,NA,NA,NA,NA,NA,NA,NA,NA,NA
956,NA,NA,TSN,NA,NA,NA,NA,NA,NA,NA,NA,NA,NA
957,NA,NA,SNRNP25,NA,NA,NA,NA,NA,NA,NA,NA,NA,NA
958,NA,NA,CAPZA2,NA,NA,NA,NA,NA,NA,NA,NA,NA,NA
959,NA,NA,ZCCHC6,NA,NA,NA,NA,NA,NA,NA,NA,NA,NA
960,NA,NA,OAZ2,NA,NA,NA,NA,NA,NA,NA,NA,NA,NA
961,NA,NA,STK17A,NA,NA,NA,NA,NA,NA,NA,NA,NA,NA
962,NA,NA,SUMO2,NA,NA,NA,NA,NA,NA,NA,NA,NA,NA
963,NA,NA,PPHLN1,NA,NA,NA,NA,NA,NA,NA,NA,NA,NA
964,NA,NA,TANK,NA,NA,NA,NA,NA,NA,NA,NA,NA,NA
965,NA,NA,RHOG,NA,NA,NA,NA,NA,NA,NA,NA,NA,NA
966,NA,NA,ZCCHC10,NA,NA,NA,NA,NA,NA,NA,NA,NA,NA
967,NA,NA,SRSF1,NA,NA,NA,NA,NA,NA,NA,NA,NA,NA
968,NA,NA,EIF6,NA,NA,NA,NA,NA,NA,NA,NA,NA,NA
969,NA,NA,GSN,NA,NA,NA,NA,NA,NA,NA,NA,NA,NA
970,NA,NA,GGCT,NA,NA,NA,NA,NA,NA,NA,NA,NA,NA
971,NA,NA,MAPK1IP1L,NA,NA,NA,NA,NA,NA,NA,NA,NA,NA
972,NA,NA,NDUFS7,NA,NA,NA,NA,NA,NA,NA,NA,NA,NA
973,NA,NA,NUTF2,NA,NA,NA,NA,NA,NA,NA,NA,NA,NA
974,NA,NA,LINC00869,NA,NA,NA,NA,NA,NA,NA,NA,NA,NA
975,NA,NA,DLD,NA,NA,NA,NA,NA,NA,NA,NA,NA,NA
976,NA,NA,COA3,NA,NA,NA,NA,NA,NA,NA,NA,NA,NA
977,NA,NA,MRPL45,NA,NA,NA,NA,NA,NA,NA,NA,NA,NA
978,NA,NA,COA6,NA,NA,NA,NA,NA,NA,NA,NA,NA,NA
979,NA,NA,SEC61B,NA,NA,NA,NA,NA,NA,NA,NA,NA,NA
980,NA,NA,RBM8A,NA,NA,NA,NA,NA,NA,NA,NA,NA,NA
981,NA,NA,PEA15,NA,NA,NA,NA,NA,NA,NA,NA,NA,NA
982,NA,NA,DTNBP1,NA,NA,NA,NA,NA,NA,NA,NA,NA,NA
983,NA,NA,PSMD2,NA,NA,NA,NA,NA,NA,NA,NA,NA,NA
984,NA,NA,HNRNPR,NA,NA,NA,NA,NA,NA,NA,NA,NA,NA
985,NA,NA,PTDSS1,NA,NA,NA,NA,NA,NA,NA,NA,NA,NA
986,NA,NA,MRPL12,NA,NA,NA,NA,NA,NA,NA,NA,NA,NA
987,NA,NA,MRPS18C,NA,NA,NA,NA,NA,NA,NA,NA,NA,NA
988,NA,NA,NASP,NA,NA,NA,NA,NA,NA,NA,NA,NA,NA
989,NA,NA,BANF1,NA,NA,NA,NA,NA,NA,NA,NA,NA,NA
990,NA,NA,EXOSC3,NA,NA,NA,NA,NA,NA,NA,NA,NA,NA
991,NA,NA,NDUFA8,NA,NA,NA,NA,NA,NA,NA,NA,NA,NA
992,NA,NA,PDIA6,NA,NA,NA,NA,NA,NA,NA,NA,NA,NA
993,NA,NA,CBWD1,NA,NA,NA,NA,NA,NA,NA,NA,NA,NA
994,NA,NA,ATP6V1D,NA,NA,NA,NA,NA,NA,NA,NA,NA,NA
995,NA,NA,RP11-796E2.4,NA,NA,NA,NA,NA,NA,NA,NA,NA,NA
996,NA,NA,LAP3,NA,NA,NA,NA,NA,NA,NA,NA,NA,NA
997,NA,NA,PHB2,NA,NA,NA,NA,NA,NA,NA,NA,NA,NA
998,NA,NA,RAB4A,NA,NA,NA,NA,NA,NA,NA,NA,NA,NA
999,NA,NA,ILF3,NA,NA,NA,NA,NA,NA,NA,NA,NA,NA
1000,NA,NA,PNRC2,NA,NA,NA,NA,NA,NA,NA,NA,NA,NA
1001,NA,NA,C21orf59,NA,NA,NA,NA,NA,NA,NA,NA,NA,NA
1002,NA,NA,PRPF40A,NA,NA,NA,NA,NA,NA,NA,NA,NA,NA
1003,NA,NA,TOMM22,NA,NA,NA,NA,NA,NA,NA,NA,NA,NA
1004,NA,NA,HADHB,NA,NA,NA,NA,NA,NA,NA,NA,NA,NA
1005,NA,NA,RRP7A,NA,NA,NA,NA,NA,NA,NA,NA,NA,NA
1006,NA,NA,SNHG25,NA,NA,NA,NA,NA,NA,NA,NA,NA,NA
1007,NA,NA,ZNF580,NA,NA,NA,NA,NA,NA,NA,NA,NA,NA
1008,NA,NA,MRPS15,NA,NA,NA,NA,NA,NA,NA,NA,NA,NA
1009,NA,NA,SOD1,NA,NA,NA,NA,NA,NA,NA,NA,NA,NA
1010,NA,NA,PANK2,NA,NA,NA,NA,NA,NA,NA,NA,NA,NA
1011,NA,NA,NUDT16L1,NA,NA,NA,NA,NA,NA,NA,NA,NA,NA
1012,NA,NA,MRPS23,NA,NA,NA,NA,NA,NA,NA,NA,NA,NA
1013,NA,NA,PSMD13,NA,NA,NA,NA,NA,NA,NA,NA,NA,NA
1014,NA,NA,PDZD11,NA,NA,NA,NA,NA,NA,NA,NA,NA,NA
1015,NA,NA,SMC3,NA,NA,NA,NA,NA,NA,NA,NA,NA,NA
1016,NA,NA,NDUFA2,NA,NA,NA,NA,NA,NA,NA,NA,NA,NA
1017,NA,NA,NUP88,NA,NA,NA,NA,NA,NA,NA,NA,NA,NA
1018,NA,NA,SEC61G,NA,NA,NA,NA,NA,NA,NA,NA,NA,NA
1019,NA,NA,PSMC2,NA,NA,NA,NA,NA,NA,NA,NA,NA,NA
1020,NA,NA,LY86,NA,NA,NA,NA,NA,NA,NA,NA,NA,NA
1021,NA,NA,UBE2V2,NA,NA,NA,NA,NA,NA,NA,NA,NA,NA
1022,NA,NA,TNFRSF17,NA,NA,NA,NA,NA,NA,NA,NA,NA,NA
1023,NA,NA,SLTM,NA,NA,NA,NA,NA,NA,NA,NA,NA,NA
1024,NA,NA,EIF3J,NA,NA,NA,NA,NA,NA,NA,NA,NA,NA
1025,NA,NA,TAF10,NA,NA,NA,NA,NA,NA,NA,NA,NA,NA
1026,NA,NA,C5orf15,NA,NA,NA,NA,NA,NA,NA,NA,NA,NA
1027,NA,NA,HNRNPH2,NA,NA,NA,NA,NA,NA,NA,NA,NA,NA
1028,NA,NA,PCED1B,NA,NA,NA,NA,NA,NA,NA,NA,NA,NA
1029,NA,NA,ZBTB8OS,NA,NA,NA,NA,NA,NA,NA,NA,NA,NA
1030,NA,NA,PTEN,NA,NA,NA,NA,NA,NA,NA,NA,NA,NA
1031,NA,NA,CHTOP,NA,NA,NA,NA,NA,NA,NA,NA,NA,NA
1032,NA,NA,CCAR1,NA,NA,NA,NA,NA,NA,NA,NA,NA,NA
1033,NA,NA,UBQLN1,NA,NA,NA,NA,NA,NA,NA,NA,NA,NA
1034,NA,NA,ZYX,NA,NA,NA,NA,NA,NA,NA,NA,NA,NA
1035,NA,NA,TXN2,NA,NA,NA,NA,NA,NA,NA,NA,NA,NA
1036,NA,NA,RSRC2,NA,NA,NA,NA,NA,NA,NA,NA,NA,NA
1037,NA,NA,CLINT1,NA,NA,NA,NA,NA,NA,NA,NA,NA,NA
1038,NA,NA,MAGEF1,NA,NA,NA,NA,NA,NA,NA,NA,NA,NA
1039,NA,NA,SKA2,NA,NA,NA,NA,NA,NA,NA,NA,NA,NA
1040,NA,NA,UQCRQ,NA,NA,NA,NA,NA,NA,NA,NA,NA,NA
1041,NA,NA,UIMC1,NA,NA,NA,NA,NA,NA,NA,NA,NA,NA
1042,NA,NA,DDX1,NA,NA,NA,NA,NA,NA,NA,NA,NA,NA
1043,NA,NA,GARS,NA,NA,NA,NA,NA,NA,NA,NA,NA,NA
1044,NA,NA,NDUFB5,NA,NA,NA,NA,NA,NA,NA,NA,NA,NA
1045,NA,NA,SCP2,NA,NA,NA,NA,NA,NA,NA,NA,NA,NA
1046,NA,NA,EIF3K,NA,NA,NA,NA,NA,NA,NA,NA,NA,NA
1047,NA,NA,PAPSS1,NA,NA,NA,NA,NA,NA,NA,NA,NA,NA
1048,NA,NA,COPS8,NA,NA,NA,NA,NA,NA,NA,NA,NA,NA
1049,NA,NA,PDCD2,NA,NA,NA,NA,NA,NA,NA,NA,NA,NA
1050,NA,NA,PSMA1,NA,NA,NA,NA,NA,NA,NA,NA,NA,NA
1051,NA,NA,UBR5,NA,NA,NA,NA,NA,NA,NA,NA,NA,NA
1052,NA,NA,FOXN3,NA,NA,NA,NA,NA,NA,NA,NA,NA,NA
1053,NA,NA,SKP1,NA,NA,NA,NA,NA,NA,NA,NA,NA,NA
1054,NA,NA,RABAC1,NA,NA,NA,NA,NA,NA,NA,NA,NA,NA
1055,NA,NA,BIRC3,NA,NA,NA,NA,NA,NA,NA,NA,NA,NA
1056,NA,NA,PCBP2,NA,NA,NA,NA,NA,NA,NA,NA,NA,NA
1057,NA,NA,ENY2,NA,NA,NA,NA,NA,NA,NA,NA,NA,NA
1058,NA,NA,SRP19,NA,NA,NA,NA,NA,NA,NA,NA,NA,NA
1059,NA,NA,BID,NA,NA,NA,NA,NA,NA,NA,NA,NA,NA
1060,NA,NA,PTMA,NA,NA,NA,NA,NA,NA,NA,NA,NA,NA
1061,NA,NA,PMVK,NA,NA,NA,NA,NA,NA,NA,NA,NA,NA
1062,NA,NA,SNRPA,NA,NA,NA,NA,NA,NA,NA,NA,NA,NA
1063,NA,NA,UBE2E2,NA,NA,NA,NA,NA,NA,NA,NA,NA,NA
1064,NA,NA,TXNL4A,NA,NA,NA,NA,NA,NA,NA,NA,NA,NA
1065,NA,NA,UBE2I,NA,NA,NA,NA,NA,NA,NA,NA,NA,NA
1066,NA,NA,RSU1,NA,NA,NA,NA,NA,NA,NA,NA,NA,NA
1067,NA,NA,TRMT1,NA,NA,NA,NA,NA,NA,NA,NA,NA,NA
1068,NA,NA,ZNHIT3,NA,NA,NA,NA,NA,NA,NA,NA,NA,NA
1069,NA,NA,MRPL20,NA,NA,NA,NA,NA,NA,NA,NA,NA,NA
1070,NA,NA,MTDH,NA,NA,NA,NA,NA,NA,NA,NA,NA,NA
1071,NA,NA,EIF3D,NA,NA,NA,NA,NA,NA,NA,NA,NA,NA
1072,NA,NA,ASAP1,NA,NA,NA,NA,NA,NA,NA,NA,NA,NA
1073,NA,NA,FAM118A,NA,NA,NA,NA,NA,NA,NA,NA,NA,NA
1074,NA,NA,RP11-164H13.1,NA,NA,NA,NA,NA,NA,NA,NA,NA,NA
1075,NA,NA,LLPH,NA,NA,NA,NA,NA,NA,NA,NA,NA,NA
1076,NA,NA,MAPRE1,NA,NA,NA,NA,NA,NA,NA,NA,NA,NA
1077,NA,NA,PFDN6,NA,NA,NA,NA,NA,NA,NA,NA,NA,NA
1078,NA,NA,CXCR5,NA,NA,NA,NA,NA,NA,NA,NA,NA,NA
1079,NA,NA,MRPL53,NA,NA,NA,NA,NA,NA,NA,NA,NA,NA
1080,NA,NA,WDR41,NA,NA,NA,NA,NA,NA,NA,NA,NA,NA
1081,NA,NA,CD86,NA,NA,NA,NA,NA,NA,NA,NA,NA,NA
1082,NA,NA,TMEM14A,NA,NA,NA,NA,NA,NA,NA,NA,NA,NA
1083,NA,NA,ZFAS1,NA,NA,NA,NA,NA,NA,NA,NA,NA,NA
1084,NA,NA,EIF4E,NA,NA,NA,NA,NA,NA,NA,NA,NA,NA
1085,NA,NA,GNAI2,NA,NA,NA,NA,NA,NA,NA,NA,NA,NA
1086,NA,NA,SNX17,NA,NA,NA,NA,NA,NA,NA,NA,NA,NA
1087,NA,NA,PIM1,NA,NA,NA,NA,NA,NA,NA,NA,NA,NA
1088,NA,NA,TALDO1,NA,NA,NA,NA,NA,NA,NA,NA,NA,NA
1089,NA,NA,PDAP1,NA,NA,NA,NA,NA,NA,NA,NA,NA,NA
1090,NA,NA,NAP1L4,NA,NA,NA,NA,NA,NA,NA,NA,NA,NA
1091,NA,NA,COPS6,NA,NA,NA,NA,NA,NA,NA,NA,NA,NA
1092,NA,NA,SEPT1,NA,NA,NA,NA,NA,NA,NA,NA,NA,NA
1093,NA,NA,UTP6,NA,NA,NA,NA,NA,NA,NA,NA,NA,NA
1094,NA,NA,TP53,NA,NA,NA,NA,NA,NA,NA,NA,NA,NA
1095,NA,NA,BAG6,NA,NA,NA,NA,NA,NA,NA,NA,NA,NA
1096,NA,NA,RPIA,NA,NA,NA,NA,NA,NA,NA,NA,NA,NA
1097,NA,NA,C7orf55,NA,NA,NA,NA,NA,NA,NA,NA,NA,NA
1098,NA,NA,SMARCE1,NA,NA,NA,NA,NA,NA,NA,NA,NA,NA
1099,NA,NA,REPIN1,NA,NA,NA,NA,NA,NA,NA,NA,NA,NA
1100,NA,NA,MZT1,NA,NA,NA,NA,NA,NA,NA,NA,NA,NA
1101,NA,NA,UQCRC2,NA,NA,NA,NA,NA,NA,NA,NA,NA,NA
1102,NA,NA,CCNG1,NA,NA,NA,NA,NA,NA,NA,NA,NA,NA
1103,NA,NA,STRBP,NA,NA,NA,NA,NA,NA,NA,NA,NA,NA
1104,NA,NA,UGCG,NA,NA,NA,NA,NA,NA,NA,NA,NA,NA
1105,NA,NA,YARS,NA,NA,NA,NA,NA,NA,NA,NA,NA,NA
1106,NA,NA,STARD7,NA,NA,NA,NA,NA,NA,NA,NA,NA,NA
1107,NA,NA,NDUFAF3,NA,NA,NA,NA,NA,NA,NA,NA,NA,NA
1108,NA,NA,FUCA1,NA,NA,NA,NA,NA,NA,NA,NA,NA,NA
1109,NA,NA,TARDBP,NA,NA,NA,NA,NA,NA,NA,NA,NA,NA
1110,NA,NA,APLP2,NA,NA,NA,NA,NA,NA,NA,NA,NA,NA
1111,NA,NA,DCTN3,NA,NA,NA,NA,NA,NA,NA,NA,NA,NA
1112,NA,NA,RPS19BP1,NA,NA,NA,NA,NA,NA,NA,NA,NA,NA
1113,NA,NA,AMZ2,NA,NA,NA,NA,NA,NA,NA,NA,NA,NA
1114,NA,NA,SYNC,NA,NA,NA,NA,NA,NA,NA,NA,NA,NA
1115,NA,NA,RBMX,NA,NA,NA,NA,NA,NA,NA,NA,NA,NA
1116,NA,NA,ACTL6A,NA,NA,NA,NA,NA,NA,NA,NA,NA,NA
1117,NA,NA,TIMM17A,NA,NA,NA,NA,NA,NA,NA,NA,NA,NA
1118,NA,NA,ADRM1,NA,NA,NA,NA,NA,NA,NA,NA,NA,NA
1119,NA,NA,UBE2D2,NA,NA,NA,NA,NA,NA,NA,NA,NA,NA
1120,NA,NA,PAX5,NA,NA,NA,NA,NA,NA,NA,NA,NA,NA
1121,NA,NA,CCDC115,NA,NA,NA,NA,NA,NA,NA,NA,NA,NA
1122,NA,NA,HIBCH,NA,NA,NA,NA,NA,NA,NA,NA,NA,NA
1123,NA,NA,TTC1,NA,NA,NA,NA,NA,NA,NA,NA,NA,NA
1124,NA,NA,NECAP2,NA,NA,NA,NA,NA,NA,NA,NA,NA,NA
1125,NA,NA,IDH3G,NA,NA,NA,NA,NA,NA,NA,NA,NA,NA
1126,NA,NA,HNRNPAB,NA,NA,NA,NA,NA,NA,NA,NA,NA,NA
1127,NA,NA,SF3B1,NA,NA,NA,NA,NA,NA,NA,NA,NA,NA
1128,NA,NA,GNA13,NA,NA,NA,NA,NA,NA,NA,NA,NA,NA
1129,NA,NA,PFKFB3,NA,NA,NA,NA,NA,NA,NA,NA,NA,NA
1130,NA,NA,PLEKHJ1,NA,NA,NA,NA,NA,NA,NA,NA,NA,NA
1131,NA,NA,PACS1,NA,NA,NA,NA,NA,NA,NA,NA,NA,NA
1132,NA,NA,STOML2,NA,NA,NA,NA,NA,NA,NA,NA,NA,NA
1133,NA,NA,SETDB2,NA,NA,NA,NA,NA,NA,NA,NA,NA,NA
1134,NA,NA,NFATC1,NA,NA,NA,NA,NA,NA,NA,NA,NA,NA
1135,NA,NA,HDDC2,NA,NA,NA,NA,NA,NA,NA,NA,NA,NA
1136,NA,NA,MVD,NA,NA,NA,NA,NA,NA,NA,NA,NA,NA
1137,NA,NA,DCUN1D1,NA,NA,NA,NA,NA,NA,NA,NA,NA,NA
1138,NA,NA,ADGRG5,NA,NA,NA,NA,NA,NA,NA,NA,NA,NA
1139,NA,NA,ARHGEF1,NA,NA,NA,NA,NA,NA,NA,NA,NA,NA
1140,NA,NA,PPP6R1,NA,NA,NA,NA,NA,NA,NA,NA,NA,NA
1141,NA,NA,SDHD,NA,NA,NA,NA,NA,NA,NA,NA,NA,NA
1142,NA,NA,PPP6C,NA,NA,NA,NA,NA,NA,NA,NA,NA,NA
1143,NA,NA,SHOC2,NA,NA,NA,NA,NA,NA,NA,NA,NA,NA
1144,NA,NA,THOC6,NA,NA,NA,NA,NA,NA,NA,NA,NA,NA
1145,NA,NA,PPP1R18,NA,NA,NA,NA,NA,NA,NA,NA,NA,NA
1146,NA,NA,DCP2,NA,NA,NA,NA,NA,NA,NA,NA,NA,NA
1147,NA,NA,COPS3,NA,NA,NA,NA,NA,NA,NA,NA,NA,NA
1148,NA,NA,FXR1,NA,NA,NA,NA,NA,NA,NA,NA,NA,NA
1149,NA,NA,BAZ2B,NA,NA,NA,NA,NA,NA,NA,NA,NA,NA
1150,NA,NA,KIAA1033,NA,NA,NA,NA,NA,NA,NA,NA,NA,NA
1151,NA,NA,RGS2,NA,NA,NA,NA,NA,NA,NA,NA,NA,NA
1152,NA,NA,UFD1L,NA,NA,NA,NA,NA,NA,NA,NA,NA,NA
1153,NA,NA,FARSA,NA,NA,NA,NA,NA,NA,NA,NA,NA,NA
1154,NA,NA,DCAF13,NA,NA,NA,NA,NA,NA,NA,NA,NA,NA
1155,NA,NA,CAT,NA,NA,NA,NA,NA,NA,NA,NA,NA,NA
1156,NA,NA,FNTA,NA,NA,NA,NA,NA,NA,NA,NA,NA,NA
1157,NA,NA,ENOPH1,NA,NA,NA,NA,NA,NA,NA,NA,NA,NA
1158,NA,NA,CR2,NA,NA,NA,NA,NA,NA,NA,NA,NA,NA
1159,NA,NA,SNAPIN,NA,NA,NA,NA,NA,NA,NA,NA,NA,NA
1160,NA,NA,FAM45A,NA,NA,NA,NA,NA,NA,NA,NA,NA,NA
1161,NA,NA,GADD45B,NA,NA,NA,NA,NA,NA,NA,NA,NA,NA
1162,NA,NA,VCP,NA,NA,NA,NA,NA,NA,NA,NA,NA,NA
1163,NA,NA,AP2S1,NA,NA,NA,NA,NA,NA,NA,NA,NA,NA
1164,NA,NA,ZNF428,NA,NA,NA,NA,NA,NA,NA,NA,NA,NA
1165,NA,NA,DCTN2,NA,NA,NA,NA,NA,NA,NA,NA,NA,NA
1166,NA,NA,CDC123,NA,NA,NA,NA,NA,NA,NA,NA,NA,NA
1167,NA,NA,WAPL,NA,NA,NA,NA,NA,NA,NA,NA,NA,NA
1168,NA,NA,CISD1,NA,NA,NA,NA,NA,NA,NA,NA,NA,NA
1169,NA,NA,SH3TC1,NA,NA,NA,NA,NA,NA,NA,NA,NA,NA
1170,NA,NA,REL,NA,NA,NA,NA,NA,NA,NA,NA,NA,NA
1171,NA,NA,TOB2,NA,NA,NA,NA,NA,NA,NA,NA,NA,NA
1172,NA,NA,FIP1L1,NA,NA,NA,NA,NA,NA,NA,NA,NA,NA
1173,NA,NA,RAB14,NA,NA,NA,NA,NA,NA,NA,NA,NA,NA
1174,NA,NA,SRSF2,NA,NA,NA,NA,NA,NA,NA,NA,NA,NA
1175,NA,NA,YY1,NA,NA,NA,NA,NA,NA,NA,NA,NA,NA
1176,NA,NA,DAPP1,NA,NA,NA,NA,NA,NA,NA,NA,NA,NA
1177,NA,NA,STK17B,NA,NA,NA,NA,NA,NA,NA,NA,NA,NA
1178,NA,NA,CAMTA1,NA,NA,NA,NA,NA,NA,NA,NA,NA,NA
1179,NA,NA,SF3B5,NA,NA,NA,NA,NA,NA,NA,NA,NA,NA
1180,NA,NA,NIFK,NA,NA,NA,NA,NA,NA,NA,NA,NA,NA
1181,NA,NA,MICU2,NA,NA,NA,NA,NA,NA,NA,NA,NA,NA
1182,NA,NA,WDR77,NA,NA,NA,NA,NA,NA,NA,NA,NA,NA
1183,NA,NA,KIAA0226L,NA,NA,NA,NA,NA,NA,NA,NA,NA,NA
1184,NA,NA,CYBA,NA,NA,NA,NA,NA,NA,NA,NA,NA,NA
1185,NA,NA,TRA2A,NA,NA,NA,NA,NA,NA,NA,NA,NA,NA
1186,NA,NA,MORF4L1,NA,NA,NA,NA,NA,NA,NA,NA,NA,NA
1187,NA,NA,CHD4,NA,NA,NA,NA,NA,NA,NA,NA,NA,NA
1188,NA,NA,SNHG7,NA,NA,NA,NA,NA,NA,NA,NA,NA,NA
1189,NA,NA,ARPC1A,NA,NA,NA,NA,NA,NA,NA,NA,NA,NA
1190,NA,NA,RPL15,NA,NA,NA,NA,NA,NA,NA,NA,NA,NA
1191,NA,NA,NAA10,NA,NA,NA,NA,NA,NA,NA,NA,NA,NA
1192,NA,NA,CBX5,NA,NA,NA,NA,NA,NA,NA,NA,NA,NA
1193,NA,NA,FADS3,NA,NA,NA,NA,NA,NA,NA,NA,NA,NA
1194,NA,NA,PPP1R12A,NA,NA,NA,NA,NA,NA,NA,NA,NA,NA
1195,NA,NA,BLCAP,NA,NA,NA,NA,NA,NA,NA,NA,NA,NA
1196,NA,NA,TMX1,NA,NA,NA,NA,NA,NA,NA,NA,NA,NA
1197,NA,NA,HSPD1,NA,NA,NA,NA,NA,NA,NA,NA,NA,NA
1198,NA,NA,LDHA,NA,NA,NA,NA,NA,NA,NA,NA,NA,NA
1199,NA,NA,MIEN1,NA,NA,NA,NA,NA,NA,NA,NA,NA,NA
1200,NA,NA,PSMA3,NA,NA,NA,NA,NA,NA,NA,NA,NA,NA
1201,NA,NA,RPS26,NA,NA,NA,NA,NA,NA,NA,NA,NA,NA
1202,NA,NA,MRPS35,NA,NA,NA,NA,NA,NA,NA,NA,NA,NA
1203,NA,NA,SNX22,NA,NA,NA,NA,NA,NA,NA,NA,NA,NA
1204,NA,NA,SEPT6,NA,NA,NA,NA,NA,NA,NA,NA,NA,NA
1205,NA,NA,SSRP1,NA,NA,NA,NA,NA,NA,NA,NA,NA,NA
1206,NA,NA,CMB9-22P13.1,NA,NA,NA,NA,NA,NA,NA,NA,NA,NA
1207,NA,NA,ANAPC11,NA,NA,NA,NA,NA,NA,NA,NA,NA,NA
1208,NA,NA,CHCHD3,NA,NA,NA,NA,NA,NA,NA,NA,NA,NA
1209,NA,NA,YWHAH,NA,NA,NA,NA,NA,NA,NA,NA,NA,NA
1210,NA,NA,PRDX5,NA,NA,NA,NA,NA,NA,NA,NA,NA,NA
1211,NA,NA,COX5B,NA,NA,NA,NA,NA,NA,NA,NA,NA,NA
1212,NA,NA,EIF2A,NA,NA,NA,NA,NA,NA,NA,NA,NA,NA
1213,NA,NA,SYNE1,NA,NA,NA,NA,NA,NA,NA,NA,NA,NA
1214,NA,NA,RALA,NA,NA,NA,NA,NA,NA,NA,NA,NA,NA
1215,NA,NA,PSMD9,NA,NA,NA,NA,NA,NA,NA,NA,NA,NA
1216,NA,NA,TRABD,NA,NA,NA,NA,NA,NA,NA,NA,NA,NA
1217,NA,NA,PFDN1,NA,NA,NA,NA,NA,NA,NA,NA,NA,NA
1218,NA,NA,NDUFS2,NA,NA,NA,NA,NA,NA,NA,NA,NA,NA
1219,NA,NA,PCMT1,NA,NA,NA,NA,NA,NA,NA,NA,NA,NA
1220,NA,NA,BAX,NA,NA,NA,NA,NA,NA,NA,NA,NA,NA
1221,NA,NA,ST13,NA,NA,NA,NA,NA,NA,NA,NA,NA,NA
1222,NA,NA,RAD21,NA,NA,NA,NA,NA,NA,NA,NA,NA,NA
1223,NA,NA,MRPS34,NA,NA,NA,NA,NA,NA,NA,NA,NA,NA
1224,NA,NA,HNRNPH1,NA,NA,NA,NA,NA,NA,NA,NA,NA,NA
1225,NA,NA,PPP1CB,NA,NA,NA,NA,NA,NA,NA,NA,NA,NA
1226,NA,NA,HSP90AB1,NA,NA,NA,NA,NA,NA,NA,NA,NA,NA
1227,NA,NA,TMC6,NA,NA,NA,NA,NA,NA,NA,NA,NA,NA
1228,NA,NA,PSMC6,NA,NA,NA,NA,NA,NA,NA,NA,NA,NA
1229,NA,NA,SSBP1,NA,NA,NA,NA,NA,NA,NA,NA,NA,NA
1230,NA,NA,CCT7,NA,NA,NA,NA,NA,NA,NA,NA,NA,NA
1231,NA,NA,TRAF7,NA,NA,NA,NA,NA,NA,NA,NA,NA,NA
1232,NA,NA,CPNE1,NA,NA,NA,NA,NA,NA,NA,NA,NA,NA
1233,NA,NA,TXNL1,NA,NA,NA,NA,NA,NA,NA,NA,NA,NA
1234,NA,NA,GNAI3,NA,NA,NA,NA,NA,NA,NA,NA,NA,NA
1235,NA,NA,USF2,NA,NA,NA,NA,NA,NA,NA,NA,NA,NA
1236,NA,NA,RSL24D1,NA,NA,NA,NA,NA,NA,NA,NA,NA,NA
1237,NA,NA,MLF2,NA,NA,NA,NA,NA,NA,NA,NA,NA,NA
1238,NA,NA,RNF181,NA,NA,NA,NA,NA,NA,NA,NA,NA,NA
1239,NA,NA,MPZL1,NA,NA,NA,NA,NA,NA,NA,NA,NA,NA
1240,NA,NA,CHCHD10,NA,NA,NA,NA,NA,NA,NA,NA,NA,NA
1241,NA,NA,OSTC,NA,NA,NA,NA,NA,NA,NA,NA,NA,NA
1242,NA,NA,RAD50,NA,NA,NA,NA,NA,NA,NA,NA,NA,NA
1243,NA,NA,YWHAQ,NA,NA,NA,NA,NA,NA,NA,NA,NA,NA
1244,NA,NA,SCAND1,NA,NA,NA,NA,NA,NA,NA,NA,NA,NA
1245,NA,NA,HERC4,NA,NA,NA,NA,NA,NA,NA,NA,NA,NA
1246,NA,NA,ATP5EP2,NA,NA,NA,NA,NA,NA,NA,NA,NA,NA
1247,NA,NA,ATF4,NA,NA,NA,NA,NA,NA,NA,NA,NA,NA
1248,NA,NA,MRPL14,NA,NA,NA,NA,NA,NA,NA,NA,NA,NA
1249,NA,NA,LSM4,NA,NA,NA,NA,NA,NA,NA,NA,NA,NA
1250,NA,NA,LSM3,NA,NA,NA,NA,NA,NA,NA,NA,NA,NA
1251,NA,NA,FDFT1,NA,NA,NA,NA,NA,NA,NA,NA,NA,NA
1252,NA,NA,TIMMDC1,NA,NA,NA,NA,NA,NA,NA,NA,NA,NA
1253,NA,NA,VDAC2,NA,NA,NA,NA,NA,NA,NA,NA,NA,NA
1254,NA,NA,TIAL1,NA,NA,NA,NA,NA,NA,NA,NA,NA,NA
1255,NA,NA,PRELID3B,NA,NA,NA,NA,NA,NA,NA,NA,NA,NA
1256,NA,NA,DCTPP1,NA,NA,NA,NA,NA,NA,NA,NA,NA,NA
1257,NA,NA,PDHA1,NA,NA,NA,NA,NA,NA,NA,NA,NA,NA
1258,NA,NA,IDH3B,NA,NA,NA,NA,NA,NA,NA,NA,NA,NA
1259,NA,NA,SERPINB1,NA,NA,NA,NA,NA,NA,NA,NA,NA,NA
1260,NA,NA,COPZ1,NA,NA,NA,NA,NA,NA,NA,NA,NA,NA
1261,NA,NA,E2F4,NA,NA,NA,NA,NA,NA,NA,NA,NA,NA
1262,NA,NA,MEF2C,NA,NA,NA,NA,NA,NA,NA,NA,NA,NA
1263,NA,NA,MPDU1,NA,NA,NA,NA,NA,NA,NA,NA,NA,NA
1264,NA,NA,HSPA5,NA,NA,NA,NA,NA,NA,NA,NA,NA,NA
1265,NA,NA,NGLY1,NA,NA,NA,NA,NA,NA,NA,NA,NA,NA
1266,NA,NA,TMEM183A,NA,NA,NA,NA,NA,NA,NA,NA,NA,NA
1267,NA,NA,SSB,NA,NA,NA,NA,NA,NA,NA,NA,NA,NA
1268,NA,NA,GNB1,NA,NA,NA,NA,NA,NA,NA,NA,NA,NA
1269,NA,NA,DRG1,NA,NA,NA,NA,NA,NA,NA,NA,NA,NA
1270,NA,NA,KRAS,NA,NA,NA,NA,NA,NA,NA,NA,NA,NA
1271,NA,NA,GHITM,NA,NA,NA,NA,NA,NA,NA,NA,NA,NA
1272,NA,NA,WDR83OS,NA,NA,NA,NA,NA,NA,NA,NA,NA,NA
1273,NA,NA,UBTF,NA,NA,NA,NA,NA,NA,NA,NA,NA,NA
1274,NA,NA,TBC1D22A,NA,NA,NA,NA,NA,NA,NA,NA,NA,NA
1275,NA,NA,EMC6,NA,NA,NA,NA,NA,NA,NA,NA,NA,NA
1276,NA,NA,IMMT,NA,NA,NA,NA,NA,NA,NA,NA,NA,NA
1277,NA,NA,CREB1,NA,NA,NA,NA,NA,NA,NA,NA,NA,NA
1278,NA,NA,SEPT9,NA,NA,NA,NA,NA,NA,NA,NA,NA,NA
1279,NA,NA,ATP6V1H,NA,NA,NA,NA,NA,NA,NA,NA,NA,NA
1280,NA,NA,ACP1,NA,NA,NA,NA,NA,NA,NA,NA,NA,NA
1281,NA,NA,TRMT112,NA,NA,NA,NA,NA,NA,NA,NA,NA,NA
1282,NA,NA,UCHL3,NA,NA,NA,NA,NA,NA,NA,NA,NA,NA
1283,NA,NA,FAM200B,NA,NA,NA,NA,NA,NA,NA,NA,NA,NA
1284,NA,NA,SNX1,NA,NA,NA,NA,NA,NA,NA,NA,NA,NA
1285,NA,NA,ATAD1,NA,NA,NA,NA,NA,NA,NA,NA,NA,NA
1286,NA,NA,POLR2K,NA,NA,NA,NA,NA,NA,NA,NA,NA,NA
1287,NA,NA,TUBB,NA,NA,NA,NA,NA,NA,NA,NA,NA,NA
1288,NA,NA,LINC01184,NA,NA,NA,NA,NA,NA,NA,NA,NA,NA
1289,NA,NA,MAP2K2,NA,NA,NA,NA,NA,NA,NA,NA,NA,NA
1290,NA,NA,MAP2K3,NA,NA,NA,NA,NA,NA,NA,NA,NA,NA
1291,NA,NA,SH3BGRL,NA,NA,NA,NA,NA,NA,NA,NA,NA,NA
1292,NA,NA,TRAPPC2L,NA,NA,NA,NA,NA,NA,NA,NA,NA,NA
1293,NA,NA,GNAS,NA,NA,NA,NA,NA,NA,NA,NA,NA,NA
1294,NA,NA,MCRS1,NA,NA,NA,NA,NA,NA,NA,NA,NA,NA
1295,NA,NA,KMT2A,NA,NA,NA,NA,NA,NA,NA,NA,NA,NA
1296,NA,NA,OCEL1,NA,NA,NA,NA,NA,NA,NA,NA,NA,NA
1297,NA,NA,PFDN2,NA,NA,NA,NA,NA,NA,NA,NA,NA,NA
1298,NA,NA,DKC1,NA,NA,NA,NA,NA,NA,NA,NA,NA,NA
1299,NA,NA,MYL12B,NA,NA,NA,NA,NA,NA,NA,NA,NA,NA
1300,NA,NA,HNRNPH3,NA,NA,NA,NA,NA,NA,NA,NA,NA,NA
1301,NA,NA,NUDCD2,NA,NA,NA,NA,NA,NA,NA,NA,NA,NA
1302,NA,NA,SDHB,NA,NA,NA,NA,NA,NA,NA,NA,NA,NA
1303,NA,NA,EIF4A3,NA,NA,NA,NA,NA,NA,NA,NA,NA,NA
1304,NA,NA,MRPS31,NA,NA,NA,NA,NA,NA,NA,NA,NA,NA
1305,NA,NA,TCP1,NA,NA,NA,NA,NA,NA,NA,NA,NA,NA
1306,NA,NA,CD74,NA,NA,NA,NA,NA,NA,NA,NA,NA,NA
1307,NA,NA,ZCCHC11,NA,NA,NA,NA,NA,NA,NA,NA,NA,NA
1308,NA,NA,EMC8,NA,NA,NA,NA,NA,NA,NA,NA,NA,NA
1309,NA,NA,PSMC4,NA,NA,NA,NA,NA,NA,NA,NA,NA,NA
1310,NA,NA,MRPL16,NA,NA,NA,NA,NA,NA,NA,NA,NA,NA
1311,NA,NA,ITPA,NA,NA,NA,NA,NA,NA,NA,NA,NA,NA
1312,NA,NA,SAE1,NA,NA,NA,NA,NA,NA,NA,NA,NA,NA
1313,NA,NA,ADH5,NA,NA,NA,NA,NA,NA,NA,NA,NA,NA
1314,NA,NA,SNRPA1,NA,NA,NA,NA,NA,NA,NA,NA,NA,NA
1315,NA,NA,DENND6B,NA,NA,NA,NA,NA,NA,NA,NA,NA,NA
1316,NA,NA,GTF3C6,NA,NA,NA,NA,NA,NA,NA,NA,NA,NA
1317,NA,NA,DDX27,NA,NA,NA,NA,NA,NA,NA,NA,NA,NA
1318,NA,NA,TRA2B,NA,NA,NA,NA,NA,NA,NA,NA,NA,NA
1319,NA,NA,APIP,NA,NA,NA,NA,NA,NA,NA,NA,NA,NA
1320,NA,NA,AK2,NA,NA,NA,NA,NA,NA,NA,NA,NA,NA
1321,NA,NA,PRPF19,NA,NA,NA,NA,NA,NA,NA,NA,NA,NA
1322,NA,NA,GTPBP4,NA,NA,NA,NA,NA,NA,NA,NA,NA,NA
1323,NA,NA,WTAP,NA,NA,NA,NA,NA,NA,NA,NA,NA,NA
1324,NA,NA,CYB5B,NA,NA,NA,NA,NA,NA,NA,NA,NA,NA
1325,NA,NA,SAP30BP,NA,NA,NA,NA,NA,NA,NA,NA,NA,NA
1326,NA,NA,NDUFA10,NA,NA,NA,NA,NA,NA,NA,NA,NA,NA
1327,NA,NA,CD37,NA,NA,NA,NA,NA,NA,NA,NA,NA,NA
1328,NA,NA,IFI30,NA,NA,NA,NA,NA,NA,NA,NA,NA,NA
1329,NA,NA,MRFAP1,NA,NA,NA,NA,NA,NA,NA,NA,NA,NA
1330,NA,NA,NUDT1,NA,NA,NA,NA,NA,NA,NA,NA,NA,NA
1331,NA,NA,NCKAP1L,NA,NA,NA,NA,NA,NA,NA,NA,NA,NA
1332,NA,NA,COPB2,NA,NA,NA,NA,NA,NA,NA,NA,NA,NA
1333,NA,NA,CHCHD5,NA,NA,NA,NA,NA,NA,NA,NA,NA,NA
1334,NA,NA,NSD1,NA,NA,NA,NA,NA,NA,NA,NA,NA,NA
1335,NA,NA,TIMM10,NA,NA,NA,NA,NA,NA,NA,NA,NA,NA
1336,NA,NA,CDC42,NA,NA,NA,NA,NA,NA,NA,NA,NA,NA
1337,NA,NA,POLR3K,NA,NA,NA,NA,NA,NA,NA,NA,NA,NA
1338,NA,NA,COA1,NA,NA,NA,NA,NA,NA,NA,NA,NA,NA
1339,NA,NA,UBE2K,NA,NA,NA,NA,NA,NA,NA,NA,NA,NA
1340,NA,NA,COX7A2,NA,NA,NA,NA,NA,NA,NA,NA,NA,NA
1341,NA,NA,CCNG2,NA,NA,NA,NA,NA,NA,NA,NA,NA,NA
1342,NA,NA,ZC3H15,NA,NA,NA,NA,NA,NA,NA,NA,NA,NA
1343,NA,NA,KARS,NA,NA,NA,NA,NA,NA,NA,NA,NA,NA
1344,NA,NA,SNRPD2,NA,NA,NA,NA,NA,NA,NA,NA,NA,NA
1345,NA,NA,UBXN1,NA,NA,NA,NA,NA,NA,NA,NA,NA,NA
1346,NA,NA,POLDIP2,NA,NA,NA,NA,NA,NA,NA,NA,NA,NA
1347,NA,NA,AKR7A2,NA,NA,NA,NA,NA,NA,NA,NA,NA,NA
1348,NA,NA,PCNP,NA,NA,NA,NA,NA,NA,NA,NA,NA,NA
1349,NA,NA,PNKD,NA,NA,NA,NA,NA,NA,NA,NA,NA,NA
1350,NA,NA,FAM192A,NA,NA,NA,NA,NA,NA,NA,NA,NA,NA
1351,NA,NA,GMPR2,NA,NA,NA,NA,NA,NA,NA,NA,NA,NA
1352,NA,NA,ASNA1,NA,NA,NA,NA,NA,NA,NA,NA,NA,NA
1353,NA,NA,CALM2,NA,NA,NA,NA,NA,NA,NA,NA,NA,NA
1354,NA,NA,PSMD11,NA,NA,NA,NA,NA,NA,NA,NA,NA,NA
1355,NA,NA,NDUFA9,NA,NA,NA,NA,NA,NA,NA,NA,NA,NA
1356,NA,NA,SS18L2,NA,NA,NA,NA,NA,NA,NA,NA,NA,NA
1357,NA,NA,HSPH1,NA,NA,NA,NA,NA,NA,NA,NA,NA,NA
1358,NA,NA,VPS28,NA,NA,NA,NA,NA,NA,NA,NA,NA,NA
1359,NA,NA,MCM3,NA,NA,NA,NA,NA,NA,NA,NA,NA,NA
1360,NA,NA,PSMC3,NA,NA,NA,NA,NA,NA,NA,NA,NA,NA
1361,NA,NA,PHGDH,NA,NA,NA,NA,NA,NA,NA,NA,NA,NA
1362,NA,NA,NCL,NA,NA,NA,NA,NA,NA,NA,NA,NA,NA
1363,NA,NA,PSMD12,NA,NA,NA,NA,NA,NA,NA,NA,NA,NA
1364,NA,NA,ZNHIT1,NA,NA,NA,NA,NA,NA,NA,NA,NA,NA
1365,NA,NA,DDT,NA,NA,NA,NA,NA,NA,NA,NA,NA,NA
1366,NA,NA,UQCR11,NA,NA,NA,NA,NA,NA,NA,NA,NA,NA
1367,NA,NA,PNOC,NA,NA,NA,NA,NA,NA,NA,NA,NA,NA
1368,NA,NA,MRPL22,NA,NA,NA,NA,NA,NA,NA,NA,NA,NA
1369,NA,NA,HIF1A,NA,NA,NA,NA,NA,NA,NA,NA,NA,NA
1370,NA,NA,ANP32A,NA,NA,NA,NA,NA,NA,NA,NA,NA,NA
1371,NA,NA,MRPL21,NA,NA,NA,NA,NA,NA,NA,NA,NA,NA
1372,NA,NA,PRELID1,NA,NA,NA,NA,NA,NA,NA,NA,NA,NA
1373,NA,NA,WRB,NA,NA,NA,NA,NA,NA,NA,NA,NA,NA
1374,NA,NA,XRCC5,NA,NA,NA,NA,NA,NA,NA,NA,NA,NA
1375,NA,NA,TOR3A,NA,NA,NA,NA,NA,NA,NA,NA,NA,NA
1376,NA,NA,HADHA,NA,NA,NA,NA,NA,NA,NA,NA,NA,NA
1377,NA,NA,LUC7L3,NA,NA,NA,NA,NA,NA,NA,NA,NA,NA
1378,NA,NA,PEF1,NA,NA,NA,NA,NA,NA,NA,NA,NA,NA
1379,NA,NA,PDCD6,NA,NA,NA,NA,NA,NA,NA,NA,NA,NA
1380,NA,NA,ATP6V1F,NA,NA,NA,NA,NA,NA,NA,NA,NA,NA
1381,NA,NA,STXBP2,NA,NA,NA,NA,NA,NA,NA,NA,NA,NA
1382,NA,NA,HAT1,NA,NA,NA,NA,NA,NA,NA,NA,NA,NA
1383,NA,NA,MRPL36,NA,NA,NA,NA,NA,NA,NA,NA,NA,NA
1384,NA,NA,MRPS10,NA,NA,NA,NA,NA,NA,NA,NA,NA,NA
1385,NA,NA,APOPT1,NA,NA,NA,NA,NA,NA,NA,NA,NA,NA
1386,NA,NA,ABCF1,NA,NA,NA,NA,NA,NA,NA,NA,NA,NA
1387,NA,NA,AKIRIN2,NA,NA,NA,NA,NA,NA,NA,NA,NA,NA
1388,NA,NA,DCUN1D5,NA,NA,NA,NA,NA,NA,NA,NA,NA,NA
1389,NA,NA,TIPRL,NA,NA,NA,NA,NA,NA,NA,NA,NA,NA
1390,NA,NA,CHMP4B,NA,NA,NA,NA,NA,NA,NA,NA,NA,NA
1391,NA,NA,PSMG2,NA,NA,NA,NA,NA,NA,NA,NA,NA,NA
1392,NA,NA,RAB7A,NA,NA,NA,NA,NA,NA,NA,NA,NA,NA
1393,NA,NA,MRPS5,NA,NA,NA,NA,NA,NA,NA,NA,NA,NA
1394,NA,NA,DARS,NA,NA,NA,NA,NA,NA,NA,NA,NA,NA
1395,NA,NA,GID8,NA,NA,NA,NA,NA,NA,NA,NA,NA,NA
1396,NA,NA,FNIP1,NA,NA,NA,NA,NA,NA,NA,NA,NA,NA
1397,NA,NA,NOL7,NA,NA,NA,NA,NA,NA,NA,NA,NA,NA
1398,NA,NA,METTL7A,NA,NA,NA,NA,NA,NA,NA,NA,NA,NA
1399,NA,NA,RBM39,NA,NA,NA,NA,NA,NA,NA,NA,NA,NA
1400,NA,NA,NOP10,NA,NA,NA,NA,NA,NA,NA,NA,NA,NA
1401,NA,NA,PFKL,NA,NA,NA,NA,NA,NA,NA,NA,NA,NA
1402,NA,NA,ITGB2-AS1,NA,NA,NA,NA,NA,NA,NA,NA,NA,NA
1403,NA,NA,HARS,NA,NA,NA,NA,NA,NA,NA,NA,NA,NA
1404,NA,NA,NDUFB10,NA,NA,NA,NA,NA,NA,NA,NA,NA,NA
1405,NA,NA,ATP2A3,NA,NA,NA,NA,NA,NA,NA,NA,NA,NA
1406,NA,NA,ZFAND1,NA,NA,NA,NA,NA,NA,NA,NA,NA,NA
1407,NA,NA,PTBP1,NA,NA,NA,NA,NA,NA,NA,NA,NA,NA
1408,NA,NA,WDR61,NA,NA,NA,NA,NA,NA,NA,NA,NA,NA
1409,NA,NA,ZSCAN16-AS1,NA,NA,NA,NA,NA,NA,NA,NA,NA,NA
1410,NA,NA,MRPS11,NA,NA,NA,NA,NA,NA,NA,NA,NA,NA
1411,NA,NA,WHSC1L1,NA,NA,NA,NA,NA,NA,NA,NA,NA,NA
1412,NA,NA,TAF9,NA,NA,NA,NA,NA,NA,NA,NA,NA,NA
1413,NA,NA,COPS5,NA,NA,NA,NA,NA,NA,NA,NA,NA,NA
1414,NA,NA,EIF4B,NA,NA,NA,NA,NA,NA,NA,NA,NA,NA
1415,NA,NA,SUCLG1,NA,NA,NA,NA,NA,NA,NA,NA,NA,NA
1416,NA,NA,AP3S1,NA,NA,NA,NA,NA,NA,NA,NA,NA,NA
1417,NA,NA,TAF7,NA,NA,NA,NA,NA,NA,NA,NA,NA,NA
1418,NA,NA,PAFAH1B1,NA,NA,NA,NA,NA,NA,NA,NA,NA,NA
1419,NA,NA,STIM2,NA,NA,NA,NA,NA,NA,NA,NA,NA,NA
1420,NA,NA,EIF4G2,NA,NA,NA,NA,NA,NA,NA,NA,NA,NA
1421,NA,NA,DYNC1I2,NA,NA,NA,NA,NA,NA,NA,NA,NA,NA
1422,NA,NA,ATF5,NA,NA,NA,NA,NA,NA,NA,NA,NA,NA
1423,NA,NA,GSTK1,NA,NA,NA,NA,NA,NA,NA,NA,NA,NA
1424,NA,NA,SPCS2,NA,NA,NA,NA,NA,NA,NA,NA,NA,NA
1425,NA,NA,AAMP,NA,NA,NA,NA,NA,NA,NA,NA,NA,NA
1426,NA,NA,MRPS33,NA,NA,NA,NA,NA,NA,NA,NA,NA,NA
1427,NA,NA,SNRNP27,NA,NA,NA,NA,NA,NA,NA,NA,NA,NA
1428,NA,NA,FAM102A,NA,NA,NA,NA,NA,NA,NA,NA,NA,NA
1429,NA,NA,SAP18,NA,NA,NA,NA,NA,NA,NA,NA,NA,NA
1430,NA,NA,MRPS7,NA,NA,NA,NA,NA,NA,NA,NA,NA,NA
1431,NA,NA,CRIPT,NA,NA,NA,NA,NA,NA,NA,NA,NA,NA
1432,NA,NA,TUBA4A,NA,NA,NA,NA,NA,NA,NA,NA,NA,NA
1433,NA,NA,PRKAR1A,NA,NA,NA,NA,NA,NA,NA,NA,NA,NA
1434,NA,NA,ELF1,NA,NA,NA,NA,NA,NA,NA,NA,NA,NA
1435,NA,NA,TMEM165,NA,NA,NA,NA,NA,NA,NA,NA,NA,NA
1436,NA,NA,EID1,NA,NA,NA,NA,NA,NA,NA,NA,NA,NA
1437,NA,NA,TOR1AIP2,NA,NA,NA,NA,NA,NA,NA,NA,NA,NA
1438,NA,NA,SYNGR2,NA,NA,NA,NA,NA,NA,NA,NA,NA,NA
1439,NA,NA,AURKAIP1,NA,NA,NA,NA,NA,NA,NA,NA,NA,NA
1440,NA,NA,FDPS,NA,NA,NA,NA,NA,NA,NA,NA,NA,NA
1441,NA,NA,NCF4,NA,NA,NA,NA,NA,NA,NA,NA,NA,NA
1442,NA,NA,UBL7,NA,NA,NA,NA,NA,NA,NA,NA,NA,NA
1443,NA,NA,COX4I1,NA,NA,NA,NA,NA,NA,NA,NA,NA,NA
1444,NA,NA,COX14,NA,NA,NA,NA,NA,NA,NA,NA,NA,NA
1445,NA,NA,BAZ1A,NA,NA,NA,NA,NA,NA,NA,NA,NA,NA
1446,NA,NA,PTK2B,NA,NA,NA,NA,NA,NA,NA,NA,NA,NA
1447,NA,NA,MIS18BP1,NA,NA,NA,NA,NA,NA,NA,NA,NA,NA
1448,NA,NA,VAPA,NA,NA,NA,NA,NA,NA,NA,NA,NA,NA
1449,NA,NA,CCNC,NA,NA,NA,NA,NA,NA,NA,NA,NA,NA
1450,NA,NA,EIF1AY,NA,NA,NA,NA,NA,NA,NA,NA,NA,NA
1451,NA,NA,HSPE1,NA,NA,NA,NA,NA,NA,NA,NA,NA,NA
1452,NA,NA,RPS2,NA,NA,NA,NA,NA,NA,NA,NA,NA,NA
1453,NA,NA,TPM3,NA,NA,NA,NA,NA,NA,NA,NA,NA,NA
1454,NA,NA,HLA-DRB5,NA,NA,NA,NA,NA,NA,NA,NA,NA,NA
1455,NA,NA,DPM1,NA,NA,NA,NA,NA,NA,NA,NA,NA,NA
1456,NA,NA,ANP32E,NA,NA,NA,NA,NA,NA,NA,NA,NA,NA
1457,NA,NA,ARF1,NA,NA,NA,NA,NA,NA,NA,NA,NA,NA
1458,NA,NA,PPP1R14B,NA,NA,NA,NA,NA,NA,NA,NA,NA,NA
1459,NA,NA,SSNA1,NA,NA,NA,NA,NA,NA,NA,NA,NA,NA
1460,NA,NA,FCRL2,NA,NA,NA,NA,NA,NA,NA,NA,NA,NA
1461,NA,NA,CHMP7,NA,NA,NA,NA,NA,NA,NA,NA,NA,NA
1462,NA,NA,BUB3,NA,NA,NA,NA,NA,NA,NA,NA,NA,NA
1463,NA,NA,TMCO1,NA,NA,NA,NA,NA,NA,NA,NA,NA,NA
1464,NA,NA,TMA16,NA,NA,NA,NA,NA,NA,NA,NA,NA,NA
1465,NA,NA,ARL5A,NA,NA,NA,NA,NA,NA,NA,NA,NA,NA
1466,NA,NA,HIST1H4C,NA,NA,NA,NA,NA,NA,NA,NA,NA,NA
1467,NA,NA,C1orf43,NA,NA,NA,NA,NA,NA,NA,NA,NA,NA
1468,NA,NA,MRPS21,NA,NA,NA,NA,NA,NA,NA,NA,NA,NA
1469,NA,NA,NAA20,NA,NA,NA,NA,NA,NA,NA,NA,NA,NA
1470,NA,NA,TRAPPC6A,NA,NA,NA,NA,NA,NA,NA,NA,NA,NA
1471,NA,NA,EVL,NA,NA,NA,NA,NA,NA,NA,NA,NA,NA
1472,NA,NA,NDUFS3,NA,NA,NA,NA,NA,NA,NA,NA,NA,NA
1473,NA,NA,CCDC90B,NA,NA,NA,NA,NA,NA,NA,NA,NA,NA
1474,NA,NA,DDX17,NA,NA,NA,NA,NA,NA,NA,NA,NA,NA
1475,NA,NA,EDEM1,NA,NA,NA,NA,NA,NA,NA,NA,NA,NA
1476,NA,NA,NDUFV1,NA,NA,NA,NA,NA,NA,NA,NA,NA,NA
1477,NA,NA,EIF1B,NA,NA,NA,NA,NA,NA,NA,NA,NA,NA
1478,NA,NA,SRSF11,NA,NA,NA,NA,NA,NA,NA,NA,NA,NA
1479,NA,NA,PRCC,NA,NA,NA,NA,NA,NA,NA,NA,NA,NA
1480,NA,NA,SHMT2,NA,NA,NA,NA,NA,NA,NA,NA,NA,NA
1481,NA,NA,NDUFB6,NA,NA,NA,NA,NA,NA,NA,NA,NA,NA
1482,NA,NA,MRPS12,NA,NA,NA,NA,NA,NA,NA,NA,NA,NA
1483,NA,NA,DPY30,NA,NA,NA,NA,NA,NA,NA,NA,NA,NA
1484,NA,NA,CWC15,NA,NA,NA,NA,NA,NA,NA,NA,NA,NA
1485,NA,NA,NHP2,NA,NA,NA,NA,NA,NA,NA,NA,NA,NA
1486,NA,NA,BCL2A1,NA,NA,NA,NA,NA,NA,NA,NA,NA,NA
1487,NA,NA,LAMTOR2,NA,NA,NA,NA,NA,NA,NA,NA,NA,NA
1488,NA,NA,TRAPPC3,NA,NA,NA,NA,NA,NA,NA,NA,NA,NA
1489,NA,NA,PSMC5,NA,NA,NA,NA,NA,NA,NA,NA,NA,NA
1490,NA,NA,GTF2A2,NA,NA,NA,NA,NA,NA,NA,NA,NA,NA
1491,NA,NA,WDR33,NA,NA,NA,NA,NA,NA,NA,NA,NA,NA
1492,NA,NA,COX7B,NA,NA,NA,NA,NA,NA,NA,NA,NA,NA
1493,NA,NA,PTPN7,NA,NA,NA,NA,NA,NA,NA,NA,NA,NA
1494,NA,NA,BLOC1S1,NA,NA,NA,NA,NA,NA,NA,NA,NA,NA
1495,NA,NA,TBCC,NA,NA,NA,NA,NA,NA,NA,NA,NA,NA
1496,NA,NA,RAB9A,NA,NA,NA,NA,NA,NA,NA,NA,NA,NA
1497,NA,NA,PAPOLA,NA,NA,NA,NA,NA,NA,NA,NA,NA,NA
1498,NA,NA,SRA1,NA,NA,NA,NA,NA,NA,NA,NA,NA,NA
1499,NA,NA,TAF1D,NA,NA,NA,NA,NA,NA,NA,NA,NA,NA
1500,NA,NA,DCPS,NA,NA,NA,NA,NA,NA,NA,NA,NA,NA
1501,NA,NA,TPRKB,NA,NA,NA,NA,NA,NA,NA,NA,NA,NA
1502,NA,NA,RWDD1,NA,NA,NA,NA,NA,NA,NA,NA,NA,NA
1503,NA,NA,LSM7,NA,NA,NA,NA,NA,NA,NA,NA,NA,NA
1504,NA,NA,SON,NA,NA,NA,NA,NA,NA,NA,NA,NA,NA
1505,NA,NA,DCXR,NA,NA,NA,NA,NA,NA,NA,NA,NA,NA
1506,NA,NA,SEPT7,NA,NA,NA,NA,NA,NA,NA,NA,NA,NA
1507,NA,NA,SRP72,NA,NA,NA,NA,NA,NA,NA,NA,NA,NA
1508,NA,NA,CDC37,NA,NA,NA,NA,NA,NA,NA,NA,NA,NA
1509,NA,NA,ZCRB1,NA,NA,NA,NA,NA,NA,NA,NA,NA,NA
1510,NA,NA,SRSF6,NA,NA,NA,NA,NA,NA,NA,NA,NA,NA
1511,NA,NA,EIF3E,NA,NA,NA,NA,NA,NA,NA,NA,NA,NA
1512,NA,NA,FKBP8,NA,NA,NA,NA,NA,NA,NA,NA,NA,NA
1513,NA,NA,LAGE3,NA,NA,NA,NA,NA,NA,NA,NA,NA,NA
1514,NA,NA,SPAG7,NA,NA,NA,NA,NA,NA,NA,NA,NA,NA
1515,NA,NA,NDUFB11,NA,NA,NA,NA,NA,NA,NA,NA,NA,NA
1516,NA,NA,GADD45GIP1,NA,NA,NA,NA,NA,NA,NA,NA,NA,NA
1517,NA,NA,SLC25A4,NA,NA,NA,NA,NA,NA,NA,NA,NA,NA
1518,NA,NA,MCM7,NA,NA,NA,NA,NA,NA,NA,NA,NA,NA
1519,NA,NA,ZBTB38,NA,NA,NA,NA,NA,NA,NA,NA,NA,NA
1520,NA,NA,SF3B2,NA,NA,NA,NA,NA,NA,NA,NA,NA,NA
1521,NA,NA,ARF4,NA,NA,NA,NA,NA,NA,NA,NA,NA,NA
1522,NA,NA,NDUFB9,NA,NA,NA,NA,NA,NA,NA,NA,NA,NA
1523,NA,NA,PHB,NA,NA,NA,NA,NA,NA,NA,NA,NA,NA
1524,NA,NA,VAMP8,NA,NA,NA,NA,NA,NA,NA,NA,NA,NA
1525,NA,NA,MAP3K8,NA,NA,NA,NA,NA,NA,NA,NA,NA,NA
1526,NA,NA,NDUFB4,NA,NA,NA,NA,NA,NA,NA,NA,NA,NA
1527,NA,NA,PET100,NA,NA,NA,NA,NA,NA,NA,NA,NA,NA
1528,NA,NA,IFT57,NA,NA,NA,NA,NA,NA,NA,NA,NA,NA
1529,NA,NA,RANBP1,NA,NA,NA,NA,NA,NA,NA,NA,NA,NA
1530,NA,NA,DNAJB11,NA,NA,NA,NA,NA,NA,NA,NA,NA,NA
1531,NA,NA,PSENEN,NA,NA,NA,NA,NA,NA,NA,NA,NA,NA
1532,NA,NA,ITGB2,NA,NA,NA,NA,NA,NA,NA,NA,NA,NA
1533,NA,NA,CHCHD7,NA,NA,NA,NA,NA,NA,NA,NA,NA,NA
1534,NA,NA,HSH2D,NA,NA,NA,NA,NA,NA,NA,NA,NA,NA
1535,NA,NA,PSMD7,NA,NA,NA,NA,NA,NA,NA,NA,NA,NA
1536,NA,NA,RASSF6,NA,NA,NA,NA,NA,NA,NA,NA,NA,NA
1537,NA,NA,DYNLRB1,NA,NA,NA,NA,NA,NA,NA,NA,NA,NA
1538,NA,NA,AZIN1,NA,NA,NA,NA,NA,NA,NA,NA,NA,NA
1539,NA,NA,RAB1A,NA,NA,NA,NA,NA,NA,NA,NA,NA,NA
1540,NA,NA,STUB1,NA,NA,NA,NA,NA,NA,NA,NA,NA,NA
1541,NA,NA,SRI,NA,NA,NA,NA,NA,NA,NA,NA,NA,NA
1542,NA,NA,EIF5A,NA,NA,NA,NA,NA,NA,NA,NA,NA,NA
1543,NA,NA,LSP1,NA,NA,NA,NA,NA,NA,NA,NA,NA,NA
1544,NA,NA,HLA-DRB1,NA,NA,NA,NA,NA,NA,NA,NA,NA,NA
1545,NA,NA,PA2G4,NA,NA,NA,NA,NA,NA,NA,NA,NA,NA
1546,NA,NA,MRPL33,NA,NA,NA,NA,NA,NA,NA,NA,NA,NA
1547,NA,NA,TMEM14B,NA,NA,NA,NA,NA,NA,NA,NA,NA,NA
1548,NA,NA,PIM3,NA,NA,NA,NA,NA,NA,NA,NA,NA,NA
1549,NA,NA,EIF5B,NA,NA,NA,NA,NA,NA,NA,NA,NA,NA
1550,NA,NA,OS9,NA,NA,NA,NA,NA,NA,NA,NA,NA,NA
1551,NA,NA,LMO4,NA,NA,NA,NA,NA,NA,NA,NA,NA,NA
1552,NA,NA,ATP5MG,NA,NA,NA,NA,NA,NA,NA,NA,NA,NA
1553,NA,NA,ATP6V0B,NA,NA,NA,NA,NA,NA,NA,NA,NA,NA
1554,NA,NA,MIF,NA,NA,NA,NA,NA,NA,NA,NA,NA,NA
1555,NA,NA,REEP5,NA,NA,NA,NA,NA,NA,NA,NA,NA,NA
1556,NA,NA,HLA-DQB1,NA,NA,NA,NA,NA,NA,NA,NA,NA,NA
1557,NA,NA,PTPN6,NA,NA,NA,NA,NA,NA,NA,NA,NA,NA
1558,NA,NA,EIF1AX,NA,NA,NA,NA,NA,NA,NA,NA,NA,NA
1559,NA,NA,LSM5,NA,NA,NA,NA,NA,NA,NA,NA,NA,NA
1560,NA,NA,RPS20,NA,NA,NA,NA,NA,NA,NA,NA,NA,NA
1561,NA,NA,DUT,NA,NA,NA,NA,NA,NA,NA,NA,NA,NA
1562,NA,NA,RPL21,NA,NA,NA,NA,NA,NA,NA,NA,NA,NA
1563,NA,NA,IDH2,NA,NA,NA,NA,NA,NA,NA,NA,NA,NA
1564,NA,NA,HLA-DRA,NA,NA,NA,NA,NA,NA,NA,NA,NA,NA
1565,NA,NA,RPS27L,NA,NA,NA,NA,NA,NA,NA,NA,NA,NA
1566,NA,NA,CALR,NA,NA,NA,NA,NA,NA,NA,NA,NA,NA
1567,NA,NA,RPL22L1,NA,NA,NA,NA,NA,NA,NA,NA,NA,NA
1568,NA,NA,TUBA1B,NA,NA,NA,NA,NA,NA,NA,NA,NA,NA
